file,category,source,group_id,frame_id,source_x,source_y,width,height
01_battle_backgrounds/background_01_240x112.png,battle_background,Game Boy Advance - Pokemon FireRed _ LeafGreen - Battle Effects - Battle Backgrounds(1).png,background_01,,6,6,240,112
01_battle_backgrounds/background_02_240x112.png,battle_background,Game Boy Advance - Pokemon FireRed _ LeafGreen - Battle Effects - Battle Backgrounds(1).png,background_02,,249,6,240,112
01_battle_backgrounds/background_03_240x112.png,battle_background,Game Boy Advance - Pokemon FireRed _ LeafGreen - Battle Effects - Battle Backgrounds(1).png,background_03,,492,6,240,112
01_battle_backgrounds/background_04_240x112.png,battle_background,Game Boy Advance - Pokemon FireRed _ LeafGreen - Battle Effects - Battle Backgrounds(1).png,background_04,,6,121,240,112
01_battle_backgrounds/background_05_240x112.png,battle_background,Game Boy Advance - Pokemon FireRed _ LeafGreen - Battle Effects - Battle Backgrounds(1).png,background_05,,249,121,240,112
01_battle_backgrounds/background_06_240x112.png,battle_background,Game Boy Advance - Pokemon FireRed _ LeafGreen - Battle Effects - Battle Backgrounds(1).png,background_06,,492,121,240,112
01_battle_backgrounds/background_07_240x112.png,battle_background,Game Boy Advance - Pokemon FireRed _ LeafGreen - Battle Effects - Battle Backgrounds(1).png,background_07,,6,235,240,112
01_battle_backgrounds/background_08_240x112.png,battle_background,Game Boy Advance - Pokemon FireRed _ LeafGreen - Battle Effects - Battle Backgrounds(1).png,background_08,,249,235,240,112
01_battle_backgrounds/background_09_240x112.png,battle_background,Game Boy Advance - Pokemon FireRed _ LeafGreen - Battle Effects - Battle Backgrounds(1).png,background_09,,492,235,240,112
01_battle_backgrounds/background_10_240x112.png,battle_background,Game Boy Advance - Pokemon FireRed _ LeafGreen - Battle Effects - Battle Backgrounds(1).png,background_10,,6,349,240,112
02_battle_ui/01_hp_bar_small.png,ui_status,Game Boy Advance - Pokemon FireRed _ LeafGreen - Battle Effects - HP Bars & In-battle Menu(1).png,hp_bar_small,,3,3,100,29
02_battle_ui/02_hp_bar_large.png,ui_status,Game Boy Advance - Pokemon FireRed _ LeafGreen - Battle Effects - HP Bars & In-battle Menu(1).png,hp_bar_large,,3,44,104,37
02_battle_ui/03_hp_color_palette.png,ui_palette,Game Boy Advance - Pokemon FireRed _ LeafGreen - Battle Effects - HP Bars & In-battle Menu(1).png,hp_color_palette,,117,9,9,15
02_battle_ui/04_command_menu.png,ui_panel,Game Boy Advance - Pokemon FireRed _ LeafGreen - Battle Effects - HP Bars & In-battle Menu(1).png,command_menu,,146,4,120,48
02_battle_ui/05_upper_status_panels.png,ui_panel,Game Boy Advance - Pokemon FireRed _ LeafGreen - Battle Effects - HP Bars & In-battle Menu(1).png,upper_status_panels,,297,4,240,48
02_battle_ui/06_lower_status_panel.png,ui_panel,Game Boy Advance - Pokemon FireRed _ LeafGreen - Battle Effects - HP Bars & In-battle Menu(1).png,lower_status_panel,,297,56,240,48
02_battle_ui/07_red_cursor.png,ui_cursor,Game Boy Advance - Pokemon FireRed _ LeafGreen - Battle Effects - HP Bars & In-battle Menu(1).png,red_cursor,,544,59,10,6
02_battle_ui/08_party_markers_left.png,ui_markers,Game Boy Advance - Pokemon FireRed _ LeafGreen - Battle Effects - HP Bars & In-battle Menu(1).png,party_markers_left,,122,64,39,11
02_battle_ui/09_party_line_top.png,ui_markers,Game Boy Advance - Pokemon FireRed _ LeafGreen - Battle Effects - HP Bars & In-battle Menu(1).png,party_line_top,,177,64,105,16
02_battle_ui/10_party_line_bottom.png,ui_markers,Game Boy Advance - Pokemon FireRed _ LeafGreen - Battle Effects - HP Bars & In-battle Menu(1).png,party_line_bottom,,177,94,105,16
02_battle_ui/11_font_uppercase.png,font_sheet,Game Boy Advance - Pokemon FireRed _ LeafGreen - Battle Effects - HP Bars & In-battle Menu(1).png,font_uppercase,,4,85,158,68
02_battle_ui/12_font_lowercase.png,font_sheet,Game Boy Advance - Pokemon FireRed _ LeafGreen - Battle Effects - HP Bars & In-battle Menu(1).png,font_lowercase,,4,155,158,68
02_battle_ui/13_font_digits_symbols.png,font_sheet,Game Boy Advance - Pokemon FireRed _ LeafGreen - Battle Effects - HP Bars & In-battle Menu(1).png,font_digits_symbols,,4,225,158,68
02_battle_ui/14_inline_character_sets.png,font_sheet,Game Boy Advance - Pokemon FireRed _ LeafGreen - Battle Effects - HP Bars & In-battle Menu(1).png,inline_character_sets,,169,119,191,67
02_battle_ui/15_battle_scene_reference.png,battle_reference,Game Boy Advance - Pokemon FireRed _ LeafGreen - Battle Effects - HP Bars & In-battle Menu(1).png,battle_scene_reference,,370,111,240,160
02_battle_ui/16_battle_enemy_status.png,battle_part,Game Boy Advance - Pokemon FireRed _ LeafGreen - Battle Effects - HP Bars & In-battle Menu(1).png,battle_enemy_status,,383,126,96,32
02_battle_ui/17_battle_enemy_sprite.png,battle_part,Game Boy Advance - Pokemon FireRed _ LeafGreen - Battle Effects - HP Bars & In-battle Menu(1).png,battle_enemy_sprite,,518,143,52,48
02_battle_ui/18_battle_player_sprite.png,battle_part,Game Boy Advance - Pokemon FireRed _ LeafGreen - Battle Effects - HP Bars & In-battle Menu(1).png,battle_player_sprite,,411,183,71,42
02_battle_ui/19_battle_player_status.png,battle_part,Game Boy Advance - Pokemon FireRed _ LeafGreen - Battle Effects - HP Bars & In-battle Menu(1).png,battle_player_status,,502,185,99,40
02_battle_ui/20_battle_message_box.png,battle_part,Game Boy Advance - Pokemon FireRed _ LeafGreen - Battle Effects - HP Bars & In-battle Menu(1).png,battle_message_box,,370,223,120,48
02_battle_ui/21_battle_command_menu.png,battle_part,Game Boy Advance - Pokemon FireRed _ LeafGreen - Battle Effects - HP Bars & In-battle Menu(1).png,battle_command_menu,,490,223,120,48
03_move_effects/groups/base_32px/effect_001_x1_y54_32x64.png,move_effect_group/base_32px,Game Boy Advance - Pokemon FireRed _ LeafGreen - Battle Effects - Move Effects(2).png,effect_001,,1,54,32,64
03_move_effects/frames_safe/base_32px/effect_001_frame_01_32x32.png,move_effect_frame/base_32px,Game Boy Advance - Pokemon FireRed _ LeafGreen - Battle Effects - Move Effects(2).png,effect_001,frame_01,1,54,32,32
03_move_effects/frames_safe/base_32px/effect_001_frame_02_32x32.png,move_effect_frame/base_32px,Game Boy Advance - Pokemon FireRed _ LeafGreen - Battle Effects - Move Effects(2).png,effect_001,frame_02,1,86,32,32
03_move_effects/groups/base_16px/effect_002_x34_y54_16x16.png,move_effect_group/base_16px,Game Boy Advance - Pokemon FireRed _ LeafGreen - Battle Effects - Move Effects(2).png,effect_002,,34,54,16,16
03_move_effects/frames_safe/base_16px/effect_002_frame_01_16x16.png,move_effect_frame/base_16px,Game Boy Advance - Pokemon FireRed _ LeafGreen - Battle Effects - Move Effects(2).png,effect_002,frame_01,34,54,16,16
03_move_effects/groups/base_32px/effect_003_x51_y54_32x64.png,move_effect_group/base_32px,Game Boy Advance - Pokemon FireRed _ LeafGreen - Battle Effects - Move Effects(2).png,effect_003,,51,54,32,64
03_move_effects/frames_safe/base_32px/effect_003_frame_01_32x32.png,move_effect_frame/base_32px,Game Boy Advance - Pokemon FireRed _ LeafGreen - Battle Effects - Move Effects(2).png,effect_003,frame_01,51,54,32,32
03_move_effects/frames_safe/base_32px/effect_003_frame_02_32x32.png,move_effect_frame/base_32px,Game Boy Advance - Pokemon FireRed _ LeafGreen - Battle Effects - Move Effects(2).png,effect_003,frame_02,51,86,32,32
03_move_effects/groups/base_32px/effect_004_x84_y54_24x32.png,move_effect_group/base_32px,Game Boy Advance - Pokemon FireRed _ LeafGreen - Battle Effects - Move Effects(2).png,effect_004,,84,54,24,32
03_move_effects/frames_safe/base_32px/effect_004_frame_01_24x32.png,move_effect_frame/base_32px,Game Boy Advance - Pokemon FireRed _ LeafGreen - Battle Effects - Move Effects(2).png,effect_004,frame_01,84,54,24,32
03_move_effects/groups/base_16px/effect_005_x158_y54_16x32.png,move_effect_group/base_16px,Game Boy Advance - Pokemon FireRed _ LeafGreen - Battle Effects - Move Effects(2).png,effect_005,,158,54,16,32
03_move_effects/frames_safe/base_16px/effect_005_frame_01_16x16.png,move_effect_frame/base_16px,Game Boy Advance - Pokemon FireRed _ LeafGreen - Battle Effects - Move Effects(2).png,effect_005,frame_01,158,54,16,16
03_move_effects/frames_safe/base_16px/effect_005_frame_02_16x16.png,move_effect_frame/base_16px,Game Boy Advance - Pokemon FireRed _ LeafGreen - Battle Effects - Move Effects(2).png,effect_005,frame_02,158,70,16,16
03_move_effects/groups/base_32px/effect_006_x175_y54_32x56.png,move_effect_group/base_32px,Game Boy Advance - Pokemon FireRed _ LeafGreen - Battle Effects - Move Effects(2).png,effect_006,,175,54,32,56
03_move_effects/frames_safe/base_32px/effect_006_frame_01_32x56.png,move_effect_frame/base_32px,Game Boy Advance - Pokemon FireRed _ LeafGreen - Battle Effects - Move Effects(2).png,effect_006,frame_01,175,54,32,56
03_move_effects/groups/base_32px/effect_007_x208_y54_32x48.png,move_effect_group/base_32px,Game Boy Advance - Pokemon FireRed _ LeafGreen - Battle Effects - Move Effects(2).png,effect_007,,208,54,32,48
03_move_effects/frames_safe/base_32px/effect_007_frame_01_32x48.png,move_effect_frame/base_32px,Game Boy Advance - Pokemon FireRed _ LeafGreen - Battle Effects - Move Effects(2).png,effect_007,frame_01,208,54,32,48
03_move_effects/groups/base_32px/effect_008_x241_y54_32x192.png,move_effect_group/base_32px,Game Boy Advance - Pokemon FireRed _ LeafGreen - Battle Effects - Move Effects(2).png,effect_008,,241,54,32,192
03_move_effects/frames_safe/base_32px/effect_008_frame_01_32x32.png,move_effect_frame/base_32px,Game Boy Advance - Pokemon FireRed _ LeafGreen - Battle Effects - Move Effects(2).png,effect_008,frame_01,241,54,32,32
03_move_effects/frames_safe/base_32px/effect_008_frame_02_32x32.png,move_effect_frame/base_32px,Game Boy Advance - Pokemon FireRed _ LeafGreen - Battle Effects - Move Effects(2).png,effect_008,frame_02,241,86,32,32
03_move_effects/frames_safe/base_32px/effect_008_frame_03_32x32.png,move_effect_frame/base_32px,Game Boy Advance - Pokemon FireRed _ LeafGreen - Battle Effects - Move Effects(2).png,effect_008,frame_03,241,118,32,32
03_move_effects/frames_safe/base_32px/effect_008_frame_04_32x32.png,move_effect_frame/base_32px,Game Boy Advance - Pokemon FireRed _ LeafGreen - Battle Effects - Move Effects(2).png,effect_008,frame_04,241,150,32,32
03_move_effects/frames_safe/base_32px/effect_008_frame_05_32x32.png,move_effect_frame/base_32px,Game Boy Advance - Pokemon FireRed _ LeafGreen - Battle Effects - Move Effects(2).png,effect_008,frame_05,241,182,32,32
03_move_effects/frames_safe/base_32px/effect_008_frame_06_32x32.png,move_effect_frame/base_32px,Game Boy Advance - Pokemon FireRed _ LeafGreen - Battle Effects - Move Effects(2).png,effect_008,frame_06,241,214,32,32
03_move_effects/groups/base_16px/effect_009_x274_y54_16x48.png,move_effect_group/base_16px,Game Boy Advance - Pokemon FireRed _ LeafGreen - Battle Effects - Move Effects(2).png,effect_009,,274,54,16,48
03_move_effects/frames_safe/base_16px/effect_009_frame_01_16x16.png,move_effect_frame/base_16px,Game Boy Advance - Pokemon FireRed _ LeafGreen - Battle Effects - Move Effects(2).png,effect_009,frame_01,274,54,16,16
03_move_effects/frames_safe/base_16px/effect_009_frame_02_16x16.png,move_effect_frame/base_16px,Game Boy Advance - Pokemon FireRed _ LeafGreen - Battle Effects - Move Effects(2).png,effect_009,frame_02,274,70,16,16
03_move_effects/frames_safe/base_16px/effect_009_frame_03_16x16.png,move_effect_frame/base_16px,Game Boy Advance - Pokemon FireRed _ LeafGreen - Battle Effects - Move Effects(2).png,effect_009,frame_03,274,86,16,16
03_move_effects/groups/base_32px/effect_010_x291_y54_32x256.png,move_effect_group/base_32px,Game Boy Advance - Pokemon FireRed _ LeafGreen - Battle Effects - Move Effects(2).png,effect_010,,291,54,32,256
03_move_effects/frames_safe/base_32px/effect_010_frame_01_32x32.png,move_effect_frame/base_32px,Game Boy Advance - Pokemon FireRed _ LeafGreen - Battle Effects - Move Effects(2).png,effect_010,frame_01,291,54,32,32
03_move_effects/frames_safe/base_32px/effect_010_frame_02_32x32.png,move_effect_frame/base_32px,Game Boy Advance - Pokemon FireRed _ LeafGreen - Battle Effects - Move Effects(2).png,effect_010,frame_02,291,86,32,32
03_move_effects/frames_safe/base_32px/effect_010_frame_03_32x32.png,move_effect_frame/base_32px,Game Boy Advance - Pokemon FireRed _ LeafGreen - Battle Effects - Move Effects(2).png,effect_010,frame_03,291,118,32,32
03_move_effects/frames_safe/base_32px/effect_010_frame_04_32x32.png,move_effect_frame/base_32px,Game Boy Advance - Pokemon FireRed _ LeafGreen - Battle Effects - Move Effects(2).png,effect_010,frame_04,291,150,32,32
03_move_effects/frames_safe/base_32px/effect_010_frame_05_32x32.png,move_effect_frame/base_32px,Game Boy Advance - Pokemon FireRed _ LeafGreen - Battle Effects - Move Effects(2).png,effect_010,frame_05,291,182,32,32
03_move_effects/frames_safe/base_32px/effect_010_frame_06_32x32.png,move_effect_frame/base_32px,Game Boy Advance - Pokemon FireRed _ LeafGreen - Battle Effects - Move Effects(2).png,effect_010,frame_06,291,214,32,32
03_move_effects/frames_safe/base_32px/effect_010_frame_07_32x32.png,move_effect_frame/base_32px,Game Boy Advance - Pokemon FireRed _ LeafGreen - Battle Effects - Move Effects(2).png,effect_010,frame_07,291,246,32,32
03_move_effects/frames_safe/base_32px/effect_010_frame_08_32x32.png,move_effect_frame/base_32px,Game Boy Advance - Pokemon FireRed _ LeafGreen - Battle Effects - Move Effects(2).png,effect_010,frame_08,291,278,32,32
03_move_effects/groups/base_32px/effect_011_x324_y54_32x256.png,move_effect_group/base_32px,Game Boy Advance - Pokemon FireRed _ LeafGreen - Battle Effects - Move Effects(2).png,effect_011,,324,54,32,256
03_move_effects/frames_safe/base_32px/effect_011_frame_01_32x32.png,move_effect_frame/base_32px,Game Boy Advance - Pokemon FireRed _ LeafGreen - Battle Effects - Move Effects(2).png,effect_011,frame_01,324,54,32,32
03_move_effects/frames_safe/base_32px/effect_011_frame_02_32x32.png,move_effect_frame/base_32px,Game Boy Advance - Pokemon FireRed _ LeafGreen - Battle Effects - Move Effects(2).png,effect_011,frame_02,324,86,32,32
03_move_effects/frames_safe/base_32px/effect_011_frame_03_32x32.png,move_effect_frame/base_32px,Game Boy Advance - Pokemon FireRed _ LeafGreen - Battle Effects - Move Effects(2).png,effect_011,frame_03,324,118,32,32
03_move_effects/frames_safe/base_32px/effect_011_frame_04_32x32.png,move_effect_frame/base_32px,Game Boy Advance - Pokemon FireRed _ LeafGreen - Battle Effects - Move Effects(2).png,effect_011,frame_04,324,150,32,32
03_move_effects/frames_safe/base_32px/effect_011_frame_05_32x32.png,move_effect_frame/base_32px,Game Boy Advance - Pokemon FireRed _ LeafGreen - Battle Effects - Move Effects(2).png,effect_011,frame_05,324,182,32,32
03_move_effects/frames_safe/base_32px/effect_011_frame_06_32x32.png,move_effect_frame/base_32px,Game Boy Advance - Pokemon FireRed _ LeafGreen - Battle Effects - Move Effects(2).png,effect_011,frame_06,324,214,32,32
03_move_effects/frames_safe/base_32px/effect_011_frame_07_32x32.png,move_effect_frame/base_32px,Game Boy Advance - Pokemon FireRed _ LeafGreen - Battle Effects - Move Effects(2).png,effect_011,frame_07,324,246,32,32
03_move_effects/frames_safe/base_32px/effect_011_frame_08_32x32.png,move_effect_frame/base_32px,Game Boy Advance - Pokemon FireRed _ LeafGreen - Battle Effects - Move Effects(2).png,effect_011,frame_08,324,278,32,32
03_move_effects/groups/base_16px/effect_012_x357_y54_16x32.png,move_effect_group/base_16px,Game Boy Advance - Pokemon FireRed _ LeafGreen - Battle Effects - Move Effects(2).png,effect_012,,357,54,16,32
03_move_effects/frames_safe/base_16px/effect_012_frame_01_16x16.png,move_effect_frame/base_16px,Game Boy Advance - Pokemon FireRed _ LeafGreen - Battle Effects - Move Effects(2).png,effect_012,frame_01,357,54,16,16
03_move_effects/frames_safe/base_16px/effect_012_frame_02_16x16.png,move_effect_frame/base_16px,Game Boy Advance - Pokemon FireRed _ LeafGreen - Battle Effects - Move Effects(2).png,effect_012,frame_02,357,70,16,16
03_move_effects/groups/base_32px/effect_013_x374_y54_32x128.png,move_effect_group/base_32px,Game Boy Advance - Pokemon FireRed _ LeafGreen - Battle Effects - Move Effects(2).png,effect_013,,374,54,32,128
03_move_effects/frames_safe/base_32px/effect_013_frame_01_32x32.png,move_effect_frame/base_32px,Game Boy Advance - Pokemon FireRed _ LeafGreen - Battle Effects - Move Effects(2).png,effect_013,frame_01,374,54,32,32
03_move_effects/frames_safe/base_32px/effect_013_frame_02_32x32.png,move_effect_frame/base_32px,Game Boy Advance - Pokemon FireRed _ LeafGreen - Battle Effects - Move Effects(2).png,effect_013,frame_02,374,86,32,32
03_move_effects/frames_safe/base_32px/effect_013_frame_03_32x32.png,move_effect_frame/base_32px,Game Boy Advance - Pokemon FireRed _ LeafGreen - Battle Effects - Move Effects(2).png,effect_013,frame_03,374,118,32,32
03_move_effects/frames_safe/base_32px/effect_013_frame_04_32x32.png,move_effect_frame/base_32px,Game Boy Advance - Pokemon FireRed _ LeafGreen - Battle Effects - Move Effects(2).png,effect_013,frame_04,374,150,32,32
03_move_effects/groups/base_16px/effect_014_x456_y54_16x32.png,move_effect_group/base_16px,Game Boy Advance - Pokemon FireRed _ LeafGreen - Battle Effects - Move Effects(2).png,effect_014,,456,54,16,32
03_move_effects/frames_safe/base_16px/effect_014_frame_01_16x16.png,move_effect_frame/base_16px,Game Boy Advance - Pokemon FireRed _ LeafGreen - Battle Effects - Move Effects(2).png,effect_014,frame_01,456,54,16,16
03_move_effects/frames_safe/base_16px/effect_014_frame_02_16x16.png,move_effect_frame/base_16px,Game Boy Advance - Pokemon FireRed _ LeafGreen - Battle Effects - Move Effects(2).png,effect_014,frame_02,456,70,16,16
03_move_effects/groups/base_16px/effect_015_x473_y54_16x96.png,move_effect_group/base_16px,Game Boy Advance - Pokemon FireRed _ LeafGreen - Battle Effects - Move Effects(2).png,effect_015,,473,54,16,96
03_move_effects/frames_safe/base_16px/effect_015_frame_01_16x16.png,move_effect_frame/base_16px,Game Boy Advance - Pokemon FireRed _ LeafGreen - Battle Effects - Move Effects(2).png,effect_015,frame_01,473,54,16,16
03_move_effects/frames_safe/base_16px/effect_015_frame_02_16x16.png,move_effect_frame/base_16px,Game Boy Advance - Pokemon FireRed _ LeafGreen - Battle Effects - Move Effects(2).png,effect_015,frame_02,473,70,16,16
03_move_effects/frames_safe/base_16px/effect_015_frame_03_16x16.png,move_effect_frame/base_16px,Game Boy Advance - Pokemon FireRed _ LeafGreen - Battle Effects - Move Effects(2).png,effect_015,frame_03,473,86,16,16
03_move_effects/frames_safe/base_16px/effect_015_frame_04_16x16.png,move_effect_frame/base_16px,Game Boy Advance - Pokemon FireRed _ LeafGreen - Battle Effects - Move Effects(2).png,effect_015,frame_04,473,102,16,16
03_move_effects/frames_safe/base_16px/effect_015_frame_05_16x16.png,move_effect_frame/base_16px,Game Boy Advance - Pokemon FireRed _ LeafGreen - Battle Effects - Move Effects(2).png,effect_015,frame_05,473,118,16,16
03_move_effects/frames_safe/base_16px/effect_015_frame_06_16x16.png,move_effect_frame/base_16px,Game Boy Advance - Pokemon FireRed _ LeafGreen - Battle Effects - Move Effects(2).png,effect_015,frame_06,473,134,16,16
03_move_effects/groups/base_16px/effect_016_x34_y71_16x16.png,move_effect_group/base_16px,Game Boy Advance - Pokemon FireRed _ LeafGreen - Battle Effects - Move Effects(2).png,effect_016,,34,71,16,16
03_move_effects/frames_safe/base_16px/effect_016_frame_01_16x16.png,move_effect_frame/base_16px,Game Boy Advance - Pokemon FireRed _ LeafGreen - Battle Effects - Move Effects(2).png,effect_016,frame_01,34,71,16,16
03_move_effects/groups/base_16px/effect_017_x84_y87_16x16.png,move_effect_group/base_16px,Game Boy Advance - Pokemon FireRed _ LeafGreen - Battle Effects - Move Effects(2).png,effect_017,,84,87,16,16
03_move_effects/frames_safe/base_16px/effect_017_frame_01_16x16.png,move_effect_frame/base_16px,Game Boy Advance - Pokemon FireRed _ LeafGreen - Battle Effects - Move Effects(2).png,effect_017,frame_01,84,87,16,16
03_move_effects/groups/base_16px/effect_018_x357_y87_16x48.png,move_effect_group/base_16px,Game Boy Advance - Pokemon FireRed _ LeafGreen - Battle Effects - Move Effects(2).png,effect_018,,357,87,16,48
03_move_effects/frames_safe/base_16px/effect_018_frame_01_16x16.png,move_effect_frame/base_16px,Game Boy Advance - Pokemon FireRed _ LeafGreen - Battle Effects - Move Effects(2).png,effect_018,frame_01,357,87,16,16
03_move_effects/frames_safe/base_16px/effect_018_frame_02_16x16.png,move_effect_frame/base_16px,Game Boy Advance - Pokemon FireRed _ LeafGreen - Battle Effects - Move Effects(2).png,effect_018,frame_02,357,103,16,16
03_move_effects/frames_safe/base_16px/effect_018_frame_03_16x16.png,move_effect_frame/base_16px,Game Boy Advance - Pokemon FireRed _ LeafGreen - Battle Effects - Move Effects(2).png,effect_018,frame_03,357,119,16,16
03_move_effects/groups/base_16px/effect_019_x456_y87_16x16.png,move_effect_group/base_16px,Game Boy Advance - Pokemon FireRed _ LeafGreen - Battle Effects - Move Effects(2).png,effect_019,,456,87,16,16
03_move_effects/frames_safe/base_16px/effect_019_frame_01_16x16.png,move_effect_frame/base_16px,Game Boy Advance - Pokemon FireRed _ LeafGreen - Battle Effects - Move Effects(2).png,effect_019,frame_01,456,87,16,16
03_move_effects/groups/base_16px/effect_020_x34_y88_16x16.png,move_effect_group/base_16px,Game Boy Advance - Pokemon FireRed _ LeafGreen - Battle Effects - Move Effects(2).png,effect_020,,34,88,16,16
03_move_effects/frames_safe/base_16px/effect_020_frame_01_16x16.png,move_effect_frame/base_16px,Game Boy Advance - Pokemon FireRed _ LeafGreen - Battle Effects - Move Effects(2).png,effect_020,frame_01,34,88,16,16
03_move_effects/groups/base_16px/effect_021_x109_y89_48x16.png,move_effect_group/base_16px,Game Boy Advance - Pokemon FireRed _ LeafGreen - Battle Effects - Move Effects(2).png,effect_021,,109,89,48,16
03_move_effects/frames_safe/base_16px/effect_021_frame_01_16x16.png,move_effect_frame/base_16px,Game Boy Advance - Pokemon FireRed _ LeafGreen - Battle Effects - Move Effects(2).png,effect_021,frame_01,109,89,16,16
03_move_effects/frames_safe/base_16px/effect_021_frame_02_16x16.png,move_effect_frame/base_16px,Game Boy Advance - Pokemon FireRed _ LeafGreen - Battle Effects - Move Effects(2).png,effect_021,frame_02,125,89,16,16
03_move_effects/frames_safe/base_16px/effect_021_frame_03_16x16.png,move_effect_frame/base_16px,Game Boy Advance - Pokemon FireRed _ LeafGreen - Battle Effects - Move Effects(2).png,effect_021,frame_03,141,89,16,16
03_move_effects/groups/base_16px/effect_022_x274_y103_16x48.png,move_effect_group/base_16px,Game Boy Advance - Pokemon FireRed _ LeafGreen - Battle Effects - Move Effects(2).png,effect_022,,274,103,16,48
03_move_effects/frames_safe/base_16px/effect_022_frame_01_16x16.png,move_effect_frame/base_16px,Game Boy Advance - Pokemon FireRed _ LeafGreen - Battle Effects - Move Effects(2).png,effect_022,frame_01,274,103,16,16
03_move_effects/frames_safe/base_16px/effect_022_frame_02_16x16.png,move_effect_frame/base_16px,Game Boy Advance - Pokemon FireRed _ LeafGreen - Battle Effects - Move Effects(2).png,effect_022,frame_02,274,119,16,16
03_move_effects/frames_safe/base_16px/effect_022_frame_03_16x16.png,move_effect_frame/base_16px,Game Boy Advance - Pokemon FireRed _ LeafGreen - Battle Effects - Move Effects(2).png,effect_022,frame_03,274,135,16,16
03_move_effects/groups/base_08px/effect_023_x407_y103_32x8.png,move_effect_group/base_08px,Game Boy Advance - Pokemon FireRed _ LeafGreen - Battle Effects - Move Effects(2).png,effect_023,,407,103,32,8
03_move_effects/frames_safe/base_08px/effect_023_frame_01_8x8.png,move_effect_frame/base_08px,Game Boy Advance - Pokemon FireRed _ LeafGreen - Battle Effects - Move Effects(2).png,effect_023,frame_01,407,103,8,8
03_move_effects/frames_safe/base_08px/effect_023_frame_02_8x8.png,move_effect_frame/base_08px,Game Boy Advance - Pokemon FireRed _ LeafGreen - Battle Effects - Move Effects(2).png,effect_023,frame_02,415,103,8,8
03_move_effects/frames_safe/base_08px/effect_023_frame_03_8x8.png,move_effect_frame/base_08px,Game Boy Advance - Pokemon FireRed _ LeafGreen - Battle Effects - Move Effects(2).png,effect_023,frame_03,423,103,8,8
03_move_effects/frames_safe/base_08px/effect_023_frame_04_8x8.png,move_effect_frame/base_08px,Game Boy Advance - Pokemon FireRed _ LeafGreen - Battle Effects - Move Effects(2).png,effect_023,frame_04,431,103,8,8
03_move_effects/groups/base_32px/effect_024_x440_y104_32x256.png,move_effect_group/base_32px,Game Boy Advance - Pokemon FireRed _ LeafGreen - Battle Effects - Move Effects(2).png,effect_024,,440,104,32,256
03_move_effects/frames_safe/base_32px/effect_024_frame_01_32x32.png,move_effect_frame/base_32px,Game Boy Advance - Pokemon FireRed _ LeafGreen - Battle Effects - Move Effects(2).png,effect_024,frame_01,440,104,32,32
03_move_effects/frames_safe/base_32px/effect_024_frame_02_32x32.png,move_effect_frame/base_32px,Game Boy Advance - Pokemon FireRed _ LeafGreen - Battle Effects - Move Effects(2).png,effect_024,frame_02,440,136,32,32
03_move_effects/frames_safe/base_32px/effect_024_frame_03_32x32.png,move_effect_frame/base_32px,Game Boy Advance - Pokemon FireRed _ LeafGreen - Battle Effects - Move Effects(2).png,effect_024,frame_03,440,168,32,32
03_move_effects/frames_safe/base_32px/effect_024_frame_04_32x32.png,move_effect_frame/base_32px,Game Boy Advance - Pokemon FireRed _ LeafGreen - Battle Effects - Move Effects(2).png,effect_024,frame_04,440,200,32,32
03_move_effects/frames_safe/base_32px/effect_024_frame_05_32x32.png,move_effect_frame/base_32px,Game Boy Advance - Pokemon FireRed _ LeafGreen - Battle Effects - Move Effects(2).png,effect_024,frame_05,440,232,32,32
03_move_effects/frames_safe/base_32px/effect_024_frame_06_32x32.png,move_effect_frame/base_32px,Game Boy Advance - Pokemon FireRed _ LeafGreen - Battle Effects - Move Effects(2).png,effect_024,frame_06,440,264,32,32
03_move_effects/frames_safe/base_32px/effect_024_frame_07_32x32.png,move_effect_frame/base_32px,Game Boy Advance - Pokemon FireRed _ LeafGreen - Battle Effects - Move Effects(2).png,effect_024,frame_07,440,296,32,32
03_move_effects/frames_safe/base_32px/effect_024_frame_08_32x32.png,move_effect_frame/base_32px,Game Boy Advance - Pokemon FireRed _ LeafGreen - Battle Effects - Move Effects(2).png,effect_024,frame_08,440,328,32,32
03_move_effects/groups/base_16px/effect_025_x34_y105_16x16.png,move_effect_group/base_16px,Game Boy Advance - Pokemon FireRed _ LeafGreen - Battle Effects - Move Effects(2).png,effect_025,,34,105,16,16
03_move_effects/frames_safe/base_16px/effect_025_frame_01_16x16.png,move_effect_frame/base_16px,Game Boy Advance - Pokemon FireRed _ LeafGreen - Battle Effects - Move Effects(2).png,effect_025,frame_01,34,105,16,16
03_move_effects/groups/base_32px/effect_026_x84_y106_32x160.png,move_effect_group/base_32px,Game Boy Advance - Pokemon FireRed _ LeafGreen - Battle Effects - Move Effects(2).png,effect_026,,84,106,32,160
03_move_effects/frames_safe/base_32px/effect_026_frame_01_32x32.png,move_effect_frame/base_32px,Game Boy Advance - Pokemon FireRed _ LeafGreen - Battle Effects - Move Effects(2).png,effect_026,frame_01,84,106,32,32
03_move_effects/frames_safe/base_32px/effect_026_frame_02_32x32.png,move_effect_frame/base_32px,Game Boy Advance - Pokemon FireRed _ LeafGreen - Battle Effects - Move Effects(2).png,effect_026,frame_02,84,138,32,32
03_move_effects/frames_safe/base_32px/effect_026_frame_03_32x32.png,move_effect_frame/base_32px,Game Boy Advance - Pokemon FireRed _ LeafGreen - Battle Effects - Move Effects(2).png,effect_026,frame_03,84,170,32,32
03_move_effects/frames_safe/base_32px/effect_026_frame_04_32x32.png,move_effect_frame/base_32px,Game Boy Advance - Pokemon FireRed _ LeafGreen - Battle Effects - Move Effects(2).png,effect_026,frame_04,84,202,32,32
03_move_effects/frames_safe/base_32px/effect_026_frame_05_32x32.png,move_effect_frame/base_32px,Game Boy Advance - Pokemon FireRed _ LeafGreen - Battle Effects - Move Effects(2).png,effect_026,frame_05,84,234,32,32
03_move_effects/groups/base_32px/effect_027_x117_y106_32x208.png,move_effect_group/base_32px,Game Boy Advance - Pokemon FireRed _ LeafGreen - Battle Effects - Move Effects(2).png,effect_027,,117,106,32,208
03_move_effects/frames_safe/base_32px/effect_027_frame_01_32x208.png,move_effect_frame/base_32px,Game Boy Advance - Pokemon FireRed _ LeafGreen - Battle Effects - Move Effects(2).png,effect_027,frame_01,117,106,32,208
03_move_effects/groups/base_32px/effect_028_x150_y111_32x192.png,move_effect_group/base_32px,Game Boy Advance - Pokemon FireRed _ LeafGreen - Battle Effects - Move Effects(2).png,effect_028,,150,111,32,192
03_move_effects/frames_safe/base_32px/effect_028_frame_01_32x32.png,move_effect_frame/base_32px,Game Boy Advance - Pokemon FireRed _ LeafGreen - Battle Effects - Move Effects(2).png,effect_028,frame_01,150,111,32,32
03_move_effects/frames_safe/base_32px/effect_028_frame_02_32x32.png,move_effect_frame/base_32px,Game Boy Advance - Pokemon FireRed _ LeafGreen - Battle Effects - Move Effects(2).png,effect_028,frame_02,150,143,32,32
03_move_effects/frames_safe/base_32px/effect_028_frame_03_32x32.png,move_effect_frame/base_32px,Game Boy Advance - Pokemon FireRed _ LeafGreen - Battle Effects - Move Effects(2).png,effect_028,frame_03,150,175,32,32
03_move_effects/frames_safe/base_32px/effect_028_frame_04_32x32.png,move_effect_frame/base_32px,Game Boy Advance - Pokemon FireRed _ LeafGreen - Battle Effects - Move Effects(2).png,effect_028,frame_04,150,207,32,32
03_move_effects/frames_safe/base_32px/effect_028_frame_05_32x32.png,move_effect_frame/base_32px,Game Boy Advance - Pokemon FireRed _ LeafGreen - Battle Effects - Move Effects(2).png,effect_028,frame_05,150,239,32,32
03_move_effects/frames_safe/base_32px/effect_028_frame_06_32x32.png,move_effect_frame/base_32px,Game Boy Advance - Pokemon FireRed _ LeafGreen - Battle Effects - Move Effects(2).png,effect_028,frame_06,150,271,32,32
03_move_effects/groups/base_16px/effect_029_x183_y111_16x80.png,move_effect_group/base_16px,Game Boy Advance - Pokemon FireRed _ LeafGreen - Battle Effects - Move Effects(2).png,effect_029,,183,111,16,80
03_move_effects/frames_safe/base_16px/effect_029_frame_01_16x16.png,move_effect_frame/base_16px,Game Boy Advance - Pokemon FireRed _ LeafGreen - Battle Effects - Move Effects(2).png,effect_029,frame_01,183,111,16,16
03_move_effects/frames_safe/base_16px/effect_029_frame_02_16x16.png,move_effect_frame/base_16px,Game Boy Advance - Pokemon FireRed _ LeafGreen - Battle Effects - Move Effects(2).png,effect_029,frame_02,183,127,16,16
03_move_effects/frames_safe/base_16px/effect_029_frame_03_16x16.png,move_effect_frame/base_16px,Game Boy Advance - Pokemon FireRed _ LeafGreen - Battle Effects - Move Effects(2).png,effect_029,frame_03,183,143,16,16
03_move_effects/frames_safe/base_16px/effect_029_frame_04_16x16.png,move_effect_frame/base_16px,Game Boy Advance - Pokemon FireRed _ LeafGreen - Battle Effects - Move Effects(2).png,effect_029,frame_04,183,159,16,16
03_move_effects/frames_safe/base_16px/effect_029_frame_05_16x16.png,move_effect_frame/base_16px,Game Boy Advance - Pokemon FireRed _ LeafGreen - Battle Effects - Move Effects(2).png,effect_029,frame_05,183,175,16,16
03_move_effects/groups/base_32px/effect_030_x200_y111_32x160.png,move_effect_group/base_32px,Game Boy Advance - Pokemon FireRed _ LeafGreen - Battle Effects - Move Effects(2).png,effect_030,,200,111,32,160
03_move_effects/frames_safe/base_32px/effect_030_frame_01_32x32.png,move_effect_frame/base_32px,Game Boy Advance - Pokemon FireRed _ LeafGreen - Battle Effects - Move Effects(2).png,effect_030,frame_01,200,111,32,32
03_move_effects/frames_safe/base_32px/effect_030_frame_02_32x32.png,move_effect_frame/base_32px,Game Boy Advance - Pokemon FireRed _ LeafGreen - Battle Effects - Move Effects(2).png,effect_030,frame_02,200,143,32,32
03_move_effects/frames_safe/base_32px/effect_030_frame_03_32x32.png,move_effect_frame/base_32px,Game Boy Advance - Pokemon FireRed _ LeafGreen - Battle Effects - Move Effects(2).png,effect_030,frame_03,200,175,32,32
03_move_effects/frames_safe/base_32px/effect_030_frame_04_32x32.png,move_effect_frame/base_32px,Game Boy Advance - Pokemon FireRed _ LeafGreen - Battle Effects - Move Effects(2).png,effect_030,frame_04,200,207,32,32
03_move_effects/frames_safe/base_32px/effect_030_frame_05_32x32.png,move_effect_frame/base_32px,Game Boy Advance - Pokemon FireRed _ LeafGreen - Battle Effects - Move Effects(2).png,effect_030,frame_05,200,239,32,32
03_move_effects/groups/base_32px/effect_031_x407_y112_32x256.png,move_effect_group/base_32px,Game Boy Advance - Pokemon FireRed _ LeafGreen - Battle Effects - Move Effects(2).png,effect_031,,407,112,32,256
03_move_effects/frames_safe/base_32px/effect_031_frame_01_32x32.png,move_effect_frame/base_32px,Game Boy Advance - Pokemon FireRed _ LeafGreen - Battle Effects - Move Effects(2).png,effect_031,frame_01,407,112,32,32
03_move_effects/frames_safe/base_32px/effect_031_frame_02_32x32.png,move_effect_frame/base_32px,Game Boy Advance - Pokemon FireRed _ LeafGreen - Battle Effects - Move Effects(2).png,effect_031,frame_02,407,144,32,32
03_move_effects/frames_safe/base_32px/effect_031_frame_03_32x32.png,move_effect_frame/base_32px,Game Boy Advance - Pokemon FireRed _ LeafGreen - Battle Effects - Move Effects(2).png,effect_031,frame_03,407,176,32,32
03_move_effects/frames_safe/base_32px/effect_031_frame_04_32x32.png,move_effect_frame/base_32px,Game Boy Advance - Pokemon FireRed _ LeafGreen - Battle Effects - Move Effects(2).png,effect_031,frame_04,407,208,32,32
03_move_effects/frames_safe/base_32px/effect_031_frame_05_32x32.png,move_effect_frame/base_32px,Game Boy Advance - Pokemon FireRed _ LeafGreen - Battle Effects - Move Effects(2).png,effect_031,frame_05,407,240,32,32
03_move_effects/frames_safe/base_32px/effect_031_frame_06_32x32.png,move_effect_frame/base_32px,Game Boy Advance - Pokemon FireRed _ LeafGreen - Battle Effects - Move Effects(2).png,effect_031,frame_06,407,272,32,32
03_move_effects/frames_safe/base_32px/effect_031_frame_07_32x32.png,move_effect_frame/base_32px,Game Boy Advance - Pokemon FireRed _ LeafGreen - Battle Effects - Move Effects(2).png,effect_031,frame_07,407,304,32,32
03_move_effects/frames_safe/base_32px/effect_031_frame_08_32x32.png,move_effect_frame/base_32px,Game Boy Advance - Pokemon FireRed _ LeafGreen - Battle Effects - Move Effects(2).png,effect_031,frame_08,407,336,32,32
03_move_effects/groups/base_16px/effect_032_x1_y119_16x48.png,move_effect_group/base_16px,Game Boy Advance - Pokemon FireRed _ LeafGreen - Battle Effects - Move Effects(2).png,effect_032,,1,119,16,48
03_move_effects/frames_safe/base_16px/effect_032_frame_01_16x16.png,move_effect_frame/base_16px,Game Boy Advance - Pokemon FireRed _ LeafGreen - Battle Effects - Move Effects(2).png,effect_032,frame_01,1,119,16,16
03_move_effects/frames_safe/base_16px/effect_032_frame_02_16x16.png,move_effect_frame/base_16px,Game Boy Advance - Pokemon FireRed _ LeafGreen - Battle Effects - Move Effects(2).png,effect_032,frame_02,1,135,16,16
03_move_effects/frames_safe/base_16px/effect_032_frame_03_16x16.png,move_effect_frame/base_16px,Game Boy Advance - Pokemon FireRed _ LeafGreen - Battle Effects - Move Effects(2).png,effect_032,frame_03,1,151,16,16
03_move_effects/groups/base_32px/effect_033_x51_y119_32x192.png,move_effect_group/base_32px,Game Boy Advance - Pokemon FireRed _ LeafGreen - Battle Effects - Move Effects(2).png,effect_033,,51,119,32,192
03_move_effects/frames_safe/base_32px/effect_033_frame_01_32x32.png,move_effect_frame/base_32px,Game Boy Advance - Pokemon FireRed _ LeafGreen - Battle Effects - Move Effects(2).png,effect_033,frame_01,51,119,32,32
03_move_effects/frames_safe/base_32px/effect_033_frame_02_32x32.png,move_effect_frame/base_32px,Game Boy Advance - Pokemon FireRed _ LeafGreen - Battle Effects - Move Effects(2).png,effect_033,frame_02,51,151,32,32
03_move_effects/frames_safe/base_32px/effect_033_frame_03_32x32.png,move_effect_frame/base_32px,Game Boy Advance - Pokemon FireRed _ LeafGreen - Battle Effects - Move Effects(2).png,effect_033,frame_03,51,183,32,32
03_move_effects/frames_safe/base_32px/effect_033_frame_04_32x32.png,move_effect_frame/base_32px,Game Boy Advance - Pokemon FireRed _ LeafGreen - Battle Effects - Move Effects(2).png,effect_033,frame_04,51,215,32,32
03_move_effects/frames_safe/base_32px/effect_033_frame_05_32x32.png,move_effect_frame/base_32px,Game Boy Advance - Pokemon FireRed _ LeafGreen - Battle Effects - Move Effects(2).png,effect_033,frame_05,51,247,32,32
03_move_effects/frames_safe/base_32px/effect_033_frame_06_32x32.png,move_effect_frame/base_32px,Game Boy Advance - Pokemon FireRed _ LeafGreen - Battle Effects - Move Effects(2).png,effect_033,frame_06,51,279,32,32
03_move_effects/groups/base_32px/effect_034_x18_y122_32x112.png,move_effect_group/base_32px,Game Boy Advance - Pokemon FireRed _ LeafGreen - Battle Effects - Move Effects(2).png,effect_034,,18,122,32,112
03_move_effects/frames_safe/base_32px/effect_034_frame_01_32x112.png,move_effect_frame/base_32px,Game Boy Advance - Pokemon FireRed _ LeafGreen - Battle Effects - Move Effects(2).png,effect_034,frame_01,18,122,32,112
03_move_effects/groups/base_16px/effect_035_x357_y136_16x128.png,move_effect_group/base_16px,Game Boy Advance - Pokemon FireRed _ LeafGreen - Battle Effects - Move Effects(2).png,effect_035,,357,136,16,128
03_move_effects/frames_safe/base_16px/effect_035_frame_01_16x16.png,move_effect_frame/base_16px,Game Boy Advance - Pokemon FireRed _ LeafGreen - Battle Effects - Move Effects(2).png,effect_035,frame_01,357,136,16,16
03_move_effects/frames_safe/base_16px/effect_035_frame_02_16x16.png,move_effect_frame/base_16px,Game Boy Advance - Pokemon FireRed _ LeafGreen - Battle Effects - Move Effects(2).png,effect_035,frame_02,357,152,16,16
03_move_effects/frames_safe/base_16px/effect_035_frame_03_16x16.png,move_effect_frame/base_16px,Game Boy Advance - Pokemon FireRed _ LeafGreen - Battle Effects - Move Effects(2).png,effect_035,frame_03,357,168,16,16
03_move_effects/frames_safe/base_16px/effect_035_frame_04_16x16.png,move_effect_frame/base_16px,Game Boy Advance - Pokemon FireRed _ LeafGreen - Battle Effects - Move Effects(2).png,effect_035,frame_04,357,184,16,16
03_move_effects/frames_safe/base_16px/effect_035_frame_05_16x16.png,move_effect_frame/base_16px,Game Boy Advance - Pokemon FireRed _ LeafGreen - Battle Effects - Move Effects(2).png,effect_035,frame_05,357,200,16,16
03_move_effects/frames_safe/base_16px/effect_035_frame_06_16x16.png,move_effect_frame/base_16px,Game Boy Advance - Pokemon FireRed _ LeafGreen - Battle Effects - Move Effects(2).png,effect_035,frame_06,357,216,16,16
03_move_effects/frames_safe/base_16px/effect_035_frame_07_16x16.png,move_effect_frame/base_16px,Game Boy Advance - Pokemon FireRed _ LeafGreen - Battle Effects - Move Effects(2).png,effect_035,frame_07,357,232,16,16
03_move_effects/frames_safe/base_16px/effect_035_frame_08_16x16.png,move_effect_frame/base_16px,Game Boy Advance - Pokemon FireRed _ LeafGreen - Battle Effects - Move Effects(2).png,effect_035,frame_08,357,248,16,16
03_move_effects/groups/base_16px/effect_036_x473_y151_16x48.png,move_effect_group/base_16px,Game Boy Advance - Pokemon FireRed _ LeafGreen - Battle Effects - Move Effects(2).png,effect_036,,473,151,16,48
03_move_effects/frames_safe/base_16px/effect_036_frame_01_16x16.png,move_effect_frame/base_16px,Game Boy Advance - Pokemon FireRed _ LeafGreen - Battle Effects - Move Effects(2).png,effect_036,frame_01,473,151,16,16
03_move_effects/frames_safe/base_16px/effect_036_frame_02_16x16.png,move_effect_frame/base_16px,Game Boy Advance - Pokemon FireRed _ LeafGreen - Battle Effects - Move Effects(2).png,effect_036,frame_02,473,167,16,16
03_move_effects/frames_safe/base_16px/effect_036_frame_03_16x16.png,move_effect_frame/base_16px,Game Boy Advance - Pokemon FireRed _ LeafGreen - Battle Effects - Move Effects(2).png,effect_036,frame_03,473,183,16,16
03_move_effects/groups/base_16px/effect_037_x274_y152_16x224.png,move_effect_group/base_16px,Game Boy Advance - Pokemon FireRed _ LeafGreen - Battle Effects - Move Effects(2).png,effect_037,,274,152,16,224
03_move_effects/frames_safe/base_16px/effect_037_frame_01_16x16.png,move_effect_frame/base_16px,Game Boy Advance - Pokemon FireRed _ LeafGreen - Battle Effects - Move Effects(2).png,effect_037,frame_01,274,152,16,16
03_move_effects/frames_safe/base_16px/effect_037_frame_02_16x16.png,move_effect_frame/base_16px,Game Boy Advance - Pokemon FireRed _ LeafGreen - Battle Effects - Move Effects(2).png,effect_037,frame_02,274,168,16,16
03_move_effects/frames_safe/base_16px/effect_037_frame_03_16x16.png,move_effect_frame/base_16px,Game Boy Advance - Pokemon FireRed _ LeafGreen - Battle Effects - Move Effects(2).png,effect_037,frame_03,274,184,16,16
03_move_effects/frames_safe/base_16px/effect_037_frame_04_16x16.png,move_effect_frame/base_16px,Game Boy Advance - Pokemon FireRed _ LeafGreen - Battle Effects - Move Effects(2).png,effect_037,frame_04,274,200,16,16
03_move_effects/frames_safe/base_16px/effect_037_frame_05_16x16.png,move_effect_frame/base_16px,Game Boy Advance - Pokemon FireRed _ LeafGreen - Battle Effects - Move Effects(2).png,effect_037,frame_05,274,216,16,16
03_move_effects/frames_safe/base_16px/effect_037_frame_06_16x16.png,move_effect_frame/base_16px,Game Boy Advance - Pokemon FireRed _ LeafGreen - Battle Effects - Move Effects(2).png,effect_037,frame_06,274,232,16,16
03_move_effects/frames_safe/base_16px/effect_037_frame_07_16x16.png,move_effect_frame/base_16px,Game Boy Advance - Pokemon FireRed _ LeafGreen - Battle Effects - Move Effects(2).png,effect_037,frame_07,274,248,16,16
03_move_effects/frames_safe/base_16px/effect_037_frame_08_16x16.png,move_effect_frame/base_16px,Game Boy Advance - Pokemon FireRed _ LeafGreen - Battle Effects - Move Effects(2).png,effect_037,frame_08,274,264,16,16
03_move_effects/frames_safe/base_16px/effect_037_frame_09_16x16.png,move_effect_frame/base_16px,Game Boy Advance - Pokemon FireRed _ LeafGreen - Battle Effects - Move Effects(2).png,effect_037,frame_09,274,280,16,16
03_move_effects/frames_safe/base_16px/effect_037_frame_10_16x16.png,move_effect_frame/base_16px,Game Boy Advance - Pokemon FireRed _ LeafGreen - Battle Effects - Move Effects(2).png,effect_037,frame_10,274,296,16,16
03_move_effects/frames_safe/base_16px/effect_037_frame_11_16x16.png,move_effect_frame/base_16px,Game Boy Advance - Pokemon FireRed _ LeafGreen - Battle Effects - Move Effects(2).png,effect_037,frame_11,274,312,16,16
03_move_effects/frames_safe/base_16px/effect_037_frame_12_16x16.png,move_effect_frame/base_16px,Game Boy Advance - Pokemon FireRed _ LeafGreen - Battle Effects - Move Effects(2).png,effect_037,frame_12,274,328,16,16
03_move_effects/frames_safe/base_16px/effect_037_frame_13_16x16.png,move_effect_frame/base_16px,Game Boy Advance - Pokemon FireRed _ LeafGreen - Battle Effects - Move Effects(2).png,effect_037,frame_13,274,344,16,16
03_move_effects/frames_safe/base_16px/effect_037_frame_14_16x16.png,move_effect_frame/base_16px,Game Boy Advance - Pokemon FireRed _ LeafGreen - Battle Effects - Move Effects(2).png,effect_037,frame_14,274,360,16,16
03_move_effects/groups/base_16px/effect_038_x1_y168_16x192.png,move_effect_group/base_16px,Game Boy Advance - Pokemon FireRed _ LeafGreen - Battle Effects - Move Effects(2).png,effect_038,,1,168,16,192
03_move_effects/frames_safe/base_16px/effect_038_frame_01_16x16.png,move_effect_frame/base_16px,Game Boy Advance - Pokemon FireRed _ LeafGreen - Battle Effects - Move Effects(2).png,effect_038,frame_01,1,168,16,16
03_move_effects/frames_safe/base_16px/effect_038_frame_02_16x16.png,move_effect_frame/base_16px,Game Boy Advance - Pokemon FireRed _ LeafGreen - Battle Effects - Move Effects(2).png,effect_038,frame_02,1,184,16,16
03_move_effects/frames_safe/base_16px/effect_038_frame_03_16x16.png,move_effect_frame/base_16px,Game Boy Advance - Pokemon FireRed _ LeafGreen - Battle Effects - Move Effects(2).png,effect_038,frame_03,1,200,16,16
03_move_effects/frames_safe/base_16px/effect_038_frame_04_16x16.png,move_effect_frame/base_16px,Game Boy Advance - Pokemon FireRed _ LeafGreen - Battle Effects - Move Effects(2).png,effect_038,frame_04,1,216,16,16
03_move_effects/frames_safe/base_16px/effect_038_frame_05_16x16.png,move_effect_frame/base_16px,Game Boy Advance - Pokemon FireRed _ LeafGreen - Battle Effects - Move Effects(2).png,effect_038,frame_05,1,232,16,16
03_move_effects/frames_safe/base_16px/effect_038_frame_06_16x16.png,move_effect_frame/base_16px,Game Boy Advance - Pokemon FireRed _ LeafGreen - Battle Effects - Move Effects(2).png,effect_038,frame_06,1,248,16,16
03_move_effects/frames_safe/base_16px/effect_038_frame_07_16x16.png,move_effect_frame/base_16px,Game Boy Advance - Pokemon FireRed _ LeafGreen - Battle Effects - Move Effects(2).png,effect_038,frame_07,1,264,16,16
03_move_effects/frames_safe/base_16px/effect_038_frame_08_16x16.png,move_effect_frame/base_16px,Game Boy Advance - Pokemon FireRed _ LeafGreen - Battle Effects - Move Effects(2).png,effect_038,frame_08,1,280,16,16
03_move_effects/frames_safe/base_16px/effect_038_frame_09_16x16.png,move_effect_frame/base_16px,Game Boy Advance - Pokemon FireRed _ LeafGreen - Battle Effects - Move Effects(2).png,effect_038,frame_09,1,296,16,16
03_move_effects/frames_safe/base_16px/effect_038_frame_10_16x16.png,move_effect_frame/base_16px,Game Boy Advance - Pokemon FireRed _ LeafGreen - Battle Effects - Move Effects(2).png,effect_038,frame_10,1,312,16,16
03_move_effects/frames_safe/base_16px/effect_038_frame_11_16x16.png,move_effect_frame/base_16px,Game Boy Advance - Pokemon FireRed _ LeafGreen - Battle Effects - Move Effects(2).png,effect_038,frame_11,1,328,16,16
03_move_effects/frames_safe/base_16px/effect_038_frame_12_16x16.png,move_effect_frame/base_16px,Game Boy Advance - Pokemon FireRed _ LeafGreen - Battle Effects - Move Effects(2).png,effect_038,frame_12,1,344,16,16
03_move_effects/groups/base_32px/effect_039_x374_y183_32x160.png,move_effect_group/base_32px,Game Boy Advance - Pokemon FireRed _ LeafGreen - Battle Effects - Move Effects(2).png,effect_039,,374,183,32,160
03_move_effects/frames_safe/base_32px/effect_039_frame_01_32x32.png,move_effect_frame/base_32px,Game Boy Advance - Pokemon FireRed _ LeafGreen - Battle Effects - Move Effects(2).png,effect_039,frame_01,374,183,32,32
03_move_effects/frames_safe/base_32px/effect_039_frame_02_32x32.png,move_effect_frame/base_32px,Game Boy Advance - Pokemon FireRed _ LeafGreen - Battle Effects - Move Effects(2).png,effect_039,frame_02,374,215,32,32
03_move_effects/frames_safe/base_32px/effect_039_frame_03_32x32.png,move_effect_frame/base_32px,Game Boy Advance - Pokemon FireRed _ LeafGreen - Battle Effects - Move Effects(2).png,effect_039,frame_03,374,247,32,32
03_move_effects/frames_safe/base_32px/effect_039_frame_04_32x32.png,move_effect_frame/base_32px,Game Boy Advance - Pokemon FireRed _ LeafGreen - Battle Effects - Move Effects(2).png,effect_039,frame_04,374,279,32,32
03_move_effects/frames_safe/base_32px/effect_039_frame_05_32x32.png,move_effect_frame/base_32px,Game Boy Advance - Pokemon FireRed _ LeafGreen - Battle Effects - Move Effects(2).png,effect_039,frame_05,374,311,32,32
03_move_effects/groups/base_16px/effect_040_x183_y192_16x16.png,move_effect_group/base_16px,Game Boy Advance - Pokemon FireRed _ LeafGreen - Battle Effects - Move Effects(2).png,effect_040,,183,192,16,16
03_move_effects/frames_safe/base_16px/effect_040_frame_01_16x16.png,move_effect_frame/base_16px,Game Boy Advance - Pokemon FireRed _ LeafGreen - Battle Effects - Move Effects(2).png,effect_040,frame_01,183,192,16,16
03_move_effects/groups/base_08px/effect_041_x473_y200_8x48.png,move_effect_group/base_08px,Game Boy Advance - Pokemon FireRed _ LeafGreen - Battle Effects - Move Effects(2).png,effect_041,,473,200,8,48
03_move_effects/frames_safe/base_08px/effect_041_frame_01_8x8.png,move_effect_frame/base_08px,Game Boy Advance - Pokemon FireRed _ LeafGreen - Battle Effects - Move Effects(2).png,effect_041,frame_01,473,200,8,8
03_move_effects/frames_safe/base_08px/effect_041_frame_02_8x8.png,move_effect_frame/base_08px,Game Boy Advance - Pokemon FireRed _ LeafGreen - Battle Effects - Move Effects(2).png,effect_041,frame_02,473,208,8,8
03_move_effects/frames_safe/base_08px/effect_041_frame_03_8x8.png,move_effect_frame/base_08px,Game Boy Advance - Pokemon FireRed _ LeafGreen - Battle Effects - Move Effects(2).png,effect_041,frame_03,473,216,8,8
03_move_effects/frames_safe/base_08px/effect_041_frame_04_8x8.png,move_effect_frame/base_08px,Game Boy Advance - Pokemon FireRed _ LeafGreen - Battle Effects - Move Effects(2).png,effect_041,frame_04,473,224,8,8
03_move_effects/frames_safe/base_08px/effect_041_frame_05_8x8.png,move_effect_frame/base_08px,Game Boy Advance - Pokemon FireRed _ LeafGreen - Battle Effects - Move Effects(2).png,effect_041,frame_05,473,232,8,8
03_move_effects/frames_safe/base_08px/effect_041_frame_06_8x8.png,move_effect_frame/base_08px,Game Boy Advance - Pokemon FireRed _ LeafGreen - Battle Effects - Move Effects(2).png,effect_041,frame_06,473,240,8,8
03_move_effects/groups/base_16px/effect_042_x183_y209_16x192.png,move_effect_group/base_16px,Game Boy Advance - Pokemon FireRed _ LeafGreen - Battle Effects - Move Effects(2).png,effect_042,,183,209,16,192
03_move_effects/frames_safe/base_16px/effect_042_frame_01_16x16.png,move_effect_frame/base_16px,Game Boy Advance - Pokemon FireRed _ LeafGreen - Battle Effects - Move Effects(2).png,effect_042,frame_01,183,209,16,16
03_move_effects/frames_safe/base_16px/effect_042_frame_02_16x16.png,move_effect_frame/base_16px,Game Boy Advance - Pokemon FireRed _ LeafGreen - Battle Effects - Move Effects(2).png,effect_042,frame_02,183,225,16,16
03_move_effects/frames_safe/base_16px/effect_042_frame_03_16x16.png,move_effect_frame/base_16px,Game Boy Advance - Pokemon FireRed _ LeafGreen - Battle Effects - Move Effects(2).png,effect_042,frame_03,183,241,16,16
03_move_effects/frames_safe/base_16px/effect_042_frame_04_16x16.png,move_effect_frame/base_16px,Game Boy Advance - Pokemon FireRed _ LeafGreen - Battle Effects - Move Effects(2).png,effect_042,frame_04,183,257,16,16
03_move_effects/frames_safe/base_16px/effect_042_frame_05_16x16.png,move_effect_frame/base_16px,Game Boy Advance - Pokemon FireRed _ LeafGreen - Battle Effects - Move Effects(2).png,effect_042,frame_05,183,273,16,16
03_move_effects/frames_safe/base_16px/effect_042_frame_06_16x16.png,move_effect_frame/base_16px,Game Boy Advance - Pokemon FireRed _ LeafGreen - Battle Effects - Move Effects(2).png,effect_042,frame_06,183,289,16,16
03_move_effects/frames_safe/base_16px/effect_042_frame_07_16x16.png,move_effect_frame/base_16px,Game Boy Advance - Pokemon FireRed _ LeafGreen - Battle Effects - Move Effects(2).png,effect_042,frame_07,183,305,16,16
03_move_effects/frames_safe/base_16px/effect_042_frame_08_16x16.png,move_effect_frame/base_16px,Game Boy Advance - Pokemon FireRed _ LeafGreen - Battle Effects - Move Effects(2).png,effect_042,frame_08,183,321,16,16
03_move_effects/frames_safe/base_16px/effect_042_frame_09_16x16.png,move_effect_frame/base_16px,Game Boy Advance - Pokemon FireRed _ LeafGreen - Battle Effects - Move Effects(2).png,effect_042,frame_09,183,337,16,16
03_move_effects/frames_safe/base_16px/effect_042_frame_10_16x16.png,move_effect_frame/base_16px,Game Boy Advance - Pokemon FireRed _ LeafGreen - Battle Effects - Move Effects(2).png,effect_042,frame_10,183,353,16,16
03_move_effects/frames_safe/base_16px/effect_042_frame_11_16x16.png,move_effect_frame/base_16px,Game Boy Advance - Pokemon FireRed _ LeafGreen - Battle Effects - Move Effects(2).png,effect_042,frame_11,183,369,16,16
03_move_effects/frames_safe/base_16px/effect_042_frame_12_16x16.png,move_effect_frame/base_16px,Game Boy Advance - Pokemon FireRed _ LeafGreen - Battle Effects - Move Effects(2).png,effect_042,frame_12,183,385,16,16
03_move_effects/groups/base_32px/effect_043_x18_y235_32x64.png,move_effect_group/base_32px,Game Boy Advance - Pokemon FireRed _ LeafGreen - Battle Effects - Move Effects(2).png,effect_043,,18,235,32,64
03_move_effects/frames_safe/base_32px/effect_043_frame_01_32x32.png,move_effect_frame/base_32px,Game Boy Advance - Pokemon FireRed _ LeafGreen - Battle Effects - Move Effects(2).png,effect_043,frame_01,18,235,32,32
03_move_effects/frames_safe/base_32px/effect_043_frame_02_32x32.png,move_effect_frame/base_32px,Game Boy Advance - Pokemon FireRed _ LeafGreen - Battle Effects - Move Effects(2).png,effect_043,frame_02,18,267,32,32
03_move_effects/groups/base_32px/effect_044_x241_y247_32x224.png,move_effect_group/base_32px,Game Boy Advance - Pokemon FireRed _ LeafGreen - Battle Effects - Move Effects(2).png,effect_044,,241,247,32,224
03_move_effects/frames_safe/base_32px/effect_044_frame_01_32x32.png,move_effect_frame/base_32px,Game Boy Advance - Pokemon FireRed _ LeafGreen - Battle Effects - Move Effects(2).png,effect_044,frame_01,241,247,32,32
03_move_effects/frames_safe/base_32px/effect_044_frame_02_32x32.png,move_effect_frame/base_32px,Game Boy Advance - Pokemon FireRed _ LeafGreen - Battle Effects - Move Effects(2).png,effect_044,frame_02,241,279,32,32
03_move_effects/frames_safe/base_32px/effect_044_frame_03_32x32.png,move_effect_frame/base_32px,Game Boy Advance - Pokemon FireRed _ LeafGreen - Battle Effects - Move Effects(2).png,effect_044,frame_03,241,311,32,32
03_move_effects/frames_safe/base_32px/effect_044_frame_04_32x32.png,move_effect_frame/base_32px,Game Boy Advance - Pokemon FireRed _ LeafGreen - Battle Effects - Move Effects(2).png,effect_044,frame_04,241,343,32,32
03_move_effects/frames_safe/base_32px/effect_044_frame_05_32x32.png,move_effect_frame/base_32px,Game Boy Advance - Pokemon FireRed _ LeafGreen - Battle Effects - Move Effects(2).png,effect_044,frame_05,241,375,32,32
03_move_effects/frames_safe/base_32px/effect_044_frame_06_32x32.png,move_effect_frame/base_32px,Game Boy Advance - Pokemon FireRed _ LeafGreen - Battle Effects - Move Effects(2).png,effect_044,frame_06,241,407,32,32
03_move_effects/frames_safe/base_32px/effect_044_frame_07_32x32.png,move_effect_frame/base_32px,Game Boy Advance - Pokemon FireRed _ LeafGreen - Battle Effects - Move Effects(2).png,effect_044,frame_07,241,439,32,32
03_move_effects/groups/base_16px/effect_045_x473_y249_16x56.png,move_effect_group/base_16px,Game Boy Advance - Pokemon FireRed _ LeafGreen - Battle Effects - Move Effects(2).png,effect_045,,473,249,16,56
03_move_effects/frames_safe/base_16px/effect_045_frame_01_16x56.png,move_effect_frame/base_16px,Game Boy Advance - Pokemon FireRed _ LeafGreen - Battle Effects - Move Effects(2).png,effect_045,frame_01,473,249,16,56
03_move_effects/groups/base_16px/effect_046_x357_y265_16x48.png,move_effect_group/base_16px,Game Boy Advance - Pokemon FireRed _ LeafGreen - Battle Effects - Move Effects(2).png,effect_046,,357,265,16,48
03_move_effects/frames_safe/base_16px/effect_046_frame_01_16x16.png,move_effect_frame/base_16px,Game Boy Advance - Pokemon FireRed _ LeafGreen - Battle Effects - Move Effects(2).png,effect_046,frame_01,357,265,16,16
03_move_effects/frames_safe/base_16px/effect_046_frame_02_16x16.png,move_effect_frame/base_16px,Game Boy Advance - Pokemon FireRed _ LeafGreen - Battle Effects - Move Effects(2).png,effect_046,frame_02,357,281,16,16
03_move_effects/frames_safe/base_16px/effect_046_frame_03_16x16.png,move_effect_frame/base_16px,Game Boy Advance - Pokemon FireRed _ LeafGreen - Battle Effects - Move Effects(2).png,effect_046,frame_03,357,297,16,16
03_move_effects/groups/base_32px/effect_047_x84_y267_32x192.png,move_effect_group/base_32px,Game Boy Advance - Pokemon FireRed _ LeafGreen - Battle Effects - Move Effects(2).png,effect_047,,84,267,32,192
03_move_effects/frames_safe/base_32px/effect_047_frame_01_32x32.png,move_effect_frame/base_32px,Game Boy Advance - Pokemon FireRed _ LeafGreen - Battle Effects - Move Effects(2).png,effect_047,frame_01,84,267,32,32
03_move_effects/frames_safe/base_32px/effect_047_frame_02_32x32.png,move_effect_frame/base_32px,Game Boy Advance - Pokemon FireRed _ LeafGreen - Battle Effects - Move Effects(2).png,effect_047,frame_02,84,299,32,32
03_move_effects/frames_safe/base_32px/effect_047_frame_03_32x32.png,move_effect_frame/base_32px,Game Boy Advance - Pokemon FireRed _ LeafGreen - Battle Effects - Move Effects(2).png,effect_047,frame_03,84,331,32,32
03_move_effects/frames_safe/base_32px/effect_047_frame_04_32x32.png,move_effect_frame/base_32px,Game Boy Advance - Pokemon FireRed _ LeafGreen - Battle Effects - Move Effects(2).png,effect_047,frame_04,84,363,32,32
03_move_effects/frames_safe/base_32px/effect_047_frame_05_32x32.png,move_effect_frame/base_32px,Game Boy Advance - Pokemon FireRed _ LeafGreen - Battle Effects - Move Effects(2).png,effect_047,frame_05,84,395,32,32
03_move_effects/frames_safe/base_32px/effect_047_frame_06_32x32.png,move_effect_frame/base_32px,Game Boy Advance - Pokemon FireRed _ LeafGreen - Battle Effects - Move Effects(2).png,effect_047,frame_06,84,427,32,32
03_move_effects/groups/base_32px/effect_048_x200_y272_32x160.png,move_effect_group/base_32px,Game Boy Advance - Pokemon FireRed _ LeafGreen - Battle Effects - Move Effects(2).png,effect_048,,200,272,32,160
03_move_effects/frames_safe/base_32px/effect_048_frame_01_32x32.png,move_effect_frame/base_32px,Game Boy Advance - Pokemon FireRed _ LeafGreen - Battle Effects - Move Effects(2).png,effect_048,frame_01,200,272,32,32
03_move_effects/frames_safe/base_32px/effect_048_frame_02_32x32.png,move_effect_frame/base_32px,Game Boy Advance - Pokemon FireRed _ LeafGreen - Battle Effects - Move Effects(2).png,effect_048,frame_02,200,304,32,32
03_move_effects/frames_safe/base_32px/effect_048_frame_03_32x32.png,move_effect_frame/base_32px,Game Boy Advance - Pokemon FireRed _ LeafGreen - Battle Effects - Move Effects(2).png,effect_048,frame_03,200,336,32,32
03_move_effects/frames_safe/base_32px/effect_048_frame_04_32x32.png,move_effect_frame/base_32px,Game Boy Advance - Pokemon FireRed _ LeafGreen - Battle Effects - Move Effects(2).png,effect_048,frame_04,200,368,32,32
03_move_effects/frames_safe/base_32px/effect_048_frame_05_32x32.png,move_effect_frame/base_32px,Game Boy Advance - Pokemon FireRed _ LeafGreen - Battle Effects - Move Effects(2).png,effect_048,frame_05,200,400,32,32
03_move_effects/groups/base_32px/effect_049_x18_y300_32x160.png,move_effect_group/base_32px,Game Boy Advance - Pokemon FireRed _ LeafGreen - Battle Effects - Move Effects(2).png,effect_049,,18,300,32,160
03_move_effects/frames_safe/base_32px/effect_049_frame_01_32x32.png,move_effect_frame/base_32px,Game Boy Advance - Pokemon FireRed _ LeafGreen - Battle Effects - Move Effects(2).png,effect_049,frame_01,18,300,32,32
03_move_effects/frames_safe/base_32px/effect_049_frame_02_32x32.png,move_effect_frame/base_32px,Game Boy Advance - Pokemon FireRed _ LeafGreen - Battle Effects - Move Effects(2).png,effect_049,frame_02,18,332,32,32
03_move_effects/frames_safe/base_32px/effect_049_frame_03_32x32.png,move_effect_frame/base_32px,Game Boy Advance - Pokemon FireRed _ LeafGreen - Battle Effects - Move Effects(2).png,effect_049,frame_03,18,364,32,32
03_move_effects/frames_safe/base_32px/effect_049_frame_04_32x32.png,move_effect_frame/base_32px,Game Boy Advance - Pokemon FireRed _ LeafGreen - Battle Effects - Move Effects(2).png,effect_049,frame_04,18,396,32,32
03_move_effects/frames_safe/base_32px/effect_049_frame_05_32x32.png,move_effect_frame/base_32px,Game Boy Advance - Pokemon FireRed _ LeafGreen - Battle Effects - Move Effects(2).png,effect_049,frame_05,18,428,32,32
03_move_effects/groups/base_32px/effect_050_x150_y304_32x96.png,move_effect_group/base_32px,Game Boy Advance - Pokemon FireRed _ LeafGreen - Battle Effects - Move Effects(2).png,effect_050,,150,304,32,96
03_move_effects/frames_safe/base_32px/effect_050_frame_01_32x32.png,move_effect_frame/base_32px,Game Boy Advance - Pokemon FireRed _ LeafGreen - Battle Effects - Move Effects(2).png,effect_050,frame_01,150,304,32,32
03_move_effects/frames_safe/base_32px/effect_050_frame_02_32x32.png,move_effect_frame/base_32px,Game Boy Advance - Pokemon FireRed _ LeafGreen - Battle Effects - Move Effects(2).png,effect_050,frame_02,150,336,32,32
03_move_effects/frames_safe/base_32px/effect_050_frame_03_32x32.png,move_effect_frame/base_32px,Game Boy Advance - Pokemon FireRed _ LeafGreen - Battle Effects - Move Effects(2).png,effect_050,frame_03,150,368,32,32
03_move_effects/groups/base_08px/effect_051_x473_y306_8x64.png,move_effect_group/base_08px,Game Boy Advance - Pokemon FireRed _ LeafGreen - Battle Effects - Move Effects(2).png,effect_051,,473,306,8,64
03_move_effects/frames_safe/base_08px/effect_051_frame_01_8x8.png,move_effect_frame/base_08px,Game Boy Advance - Pokemon FireRed _ LeafGreen - Battle Effects - Move Effects(2).png,effect_051,frame_01,473,306,8,8
03_move_effects/frames_safe/base_08px/effect_051_frame_02_8x8.png,move_effect_frame/base_08px,Game Boy Advance - Pokemon FireRed _ LeafGreen - Battle Effects - Move Effects(2).png,effect_051,frame_02,473,314,8,8
03_move_effects/frames_safe/base_08px/effect_051_frame_03_8x8.png,move_effect_frame/base_08px,Game Boy Advance - Pokemon FireRed _ LeafGreen - Battle Effects - Move Effects(2).png,effect_051,frame_03,473,322,8,8
03_move_effects/frames_safe/base_08px/effect_051_frame_04_8x8.png,move_effect_frame/base_08px,Game Boy Advance - Pokemon FireRed _ LeafGreen - Battle Effects - Move Effects(2).png,effect_051,frame_04,473,330,8,8
03_move_effects/frames_safe/base_08px/effect_051_frame_05_8x8.png,move_effect_frame/base_08px,Game Boy Advance - Pokemon FireRed _ LeafGreen - Battle Effects - Move Effects(2).png,effect_051,frame_05,473,338,8,8
03_move_effects/frames_safe/base_08px/effect_051_frame_06_8x8.png,move_effect_frame/base_08px,Game Boy Advance - Pokemon FireRed _ LeafGreen - Battle Effects - Move Effects(2).png,effect_051,frame_06,473,346,8,8
03_move_effects/frames_safe/base_08px/effect_051_frame_07_8x8.png,move_effect_frame/base_08px,Game Boy Advance - Pokemon FireRed _ LeafGreen - Battle Effects - Move Effects(2).png,effect_051,frame_07,473,354,8,8
03_move_effects/frames_safe/base_08px/effect_051_frame_08_8x8.png,move_effect_frame/base_08px,Game Boy Advance - Pokemon FireRed _ LeafGreen - Battle Effects - Move Effects(2).png,effect_051,frame_08,473,362,8,8
03_move_effects/groups/base_32px/effect_052_x291_y311_32x128.png,move_effect_group/base_32px,Game Boy Advance - Pokemon FireRed _ LeafGreen - Battle Effects - Move Effects(2).png,effect_052,,291,311,32,128
03_move_effects/frames_safe/base_32px/effect_052_frame_01_32x32.png,move_effect_frame/base_32px,Game Boy Advance - Pokemon FireRed _ LeafGreen - Battle Effects - Move Effects(2).png,effect_052,frame_01,291,311,32,32
03_move_effects/frames_safe/base_32px/effect_052_frame_02_32x32.png,move_effect_frame/base_32px,Game Boy Advance - Pokemon FireRed _ LeafGreen - Battle Effects - Move Effects(2).png,effect_052,frame_02,291,343,32,32
03_move_effects/frames_safe/base_32px/effect_052_frame_03_32x32.png,move_effect_frame/base_32px,Game Boy Advance - Pokemon FireRed _ LeafGreen - Battle Effects - Move Effects(2).png,effect_052,frame_03,291,375,32,32
03_move_effects/frames_safe/base_32px/effect_052_frame_04_32x32.png,move_effect_frame/base_32px,Game Boy Advance - Pokemon FireRed _ LeafGreen - Battle Effects - Move Effects(2).png,effect_052,frame_04,291,407,32,32
03_move_effects/groups/base_32px/effect_053_x324_y311_32x128.png,move_effect_group/base_32px,Game Boy Advance - Pokemon FireRed _ LeafGreen - Battle Effects - Move Effects(2).png,effect_053,,324,311,32,128
03_move_effects/frames_safe/base_32px/effect_053_frame_01_32x32.png,move_effect_frame/base_32px,Game Boy Advance - Pokemon FireRed _ LeafGreen - Battle Effects - Move Effects(2).png,effect_053,frame_01,324,311,32,32
03_move_effects/frames_safe/base_32px/effect_053_frame_02_32x32.png,move_effect_frame/base_32px,Game Boy Advance - Pokemon FireRed _ LeafGreen - Battle Effects - Move Effects(2).png,effect_053,frame_02,324,343,32,32
03_move_effects/frames_safe/base_32px/effect_053_frame_03_32x32.png,move_effect_frame/base_32px,Game Boy Advance - Pokemon FireRed _ LeafGreen - Battle Effects - Move Effects(2).png,effect_053,frame_03,324,375,32,32
03_move_effects/frames_safe/base_32px/effect_053_frame_04_32x32.png,move_effect_frame/base_32px,Game Boy Advance - Pokemon FireRed _ LeafGreen - Battle Effects - Move Effects(2).png,effect_053,frame_04,324,407,32,32
03_move_effects/groups/base_32px/effect_054_x51_y312_32x128.png,move_effect_group/base_32px,Game Boy Advance - Pokemon FireRed _ LeafGreen - Battle Effects - Move Effects(2).png,effect_054,,51,312,32,128
03_move_effects/frames_safe/base_32px/effect_054_frame_01_32x32.png,move_effect_frame/base_32px,Game Boy Advance - Pokemon FireRed _ LeafGreen - Battle Effects - Move Effects(2).png,effect_054,frame_01,51,312,32,32
03_move_effects/frames_safe/base_32px/effect_054_frame_02_32x32.png,move_effect_frame/base_32px,Game Boy Advance - Pokemon FireRed _ LeafGreen - Battle Effects - Move Effects(2).png,effect_054,frame_02,51,344,32,32
03_move_effects/frames_safe/base_32px/effect_054_frame_03_32x32.png,move_effect_frame/base_32px,Game Boy Advance - Pokemon FireRed _ LeafGreen - Battle Effects - Move Effects(2).png,effect_054,frame_03,51,376,32,32
03_move_effects/frames_safe/base_32px/effect_054_frame_04_32x32.png,move_effect_frame/base_32px,Game Boy Advance - Pokemon FireRed _ LeafGreen - Battle Effects - Move Effects(2).png,effect_054,frame_04,51,408,32,32
03_move_effects/groups/base_16px/effect_055_x357_y314_16x16.png,move_effect_group/base_16px,Game Boy Advance - Pokemon FireRed _ LeafGreen - Battle Effects - Move Effects(2).png,effect_055,,357,314,16,16
03_move_effects/frames_safe/base_16px/effect_055_frame_01_16x16.png,move_effect_frame/base_16px,Game Boy Advance - Pokemon FireRed _ LeafGreen - Battle Effects - Move Effects(2).png,effect_055,frame_01,357,314,16,16
03_move_effects/groups/base_32px/effect_056_x117_y315_32x160.png,move_effect_group/base_32px,Game Boy Advance - Pokemon FireRed _ LeafGreen - Battle Effects - Move Effects(2).png,effect_056,,117,315,32,160
03_move_effects/frames_safe/base_32px/effect_056_frame_01_32x32.png,move_effect_frame/base_32px,Game Boy Advance - Pokemon FireRed _ LeafGreen - Battle Effects - Move Effects(2).png,effect_056,frame_01,117,315,32,32
03_move_effects/frames_safe/base_32px/effect_056_frame_02_32x32.png,move_effect_frame/base_32px,Game Boy Advance - Pokemon FireRed _ LeafGreen - Battle Effects - Move Effects(2).png,effect_056,frame_02,117,347,32,32
03_move_effects/frames_safe/base_32px/effect_056_frame_03_32x32.png,move_effect_frame/base_32px,Game Boy Advance - Pokemon FireRed _ LeafGreen - Battle Effects - Move Effects(2).png,effect_056,frame_03,117,379,32,32
03_move_effects/frames_safe/base_32px/effect_056_frame_04_32x32.png,move_effect_frame/base_32px,Game Boy Advance - Pokemon FireRed _ LeafGreen - Battle Effects - Move Effects(2).png,effect_056,frame_04,117,411,32,32
03_move_effects/frames_safe/base_32px/effect_056_frame_05_32x32.png,move_effect_frame/base_32px,Game Boy Advance - Pokemon FireRed _ LeafGreen - Battle Effects - Move Effects(2).png,effect_056,frame_05,117,443,32,32
03_move_effects/groups/base_16px/effect_057_x357_y331_16x24.png,move_effect_group/base_16px,Game Boy Advance - Pokemon FireRed _ LeafGreen - Battle Effects - Move Effects(2).png,effect_057,,357,331,16,24
03_move_effects/frames_safe/base_16px/effect_057_frame_01_16x24.png,move_effect_frame/base_16px,Game Boy Advance - Pokemon FireRed _ LeafGreen - Battle Effects - Move Effects(2).png,effect_057,frame_01,357,331,16,24
03_move_effects/groups/base_32px/effect_058_x374_y344_32x64.png,move_effect_group/base_32px,Game Boy Advance - Pokemon FireRed _ LeafGreen - Battle Effects - Move Effects(2).png,effect_058,,374,344,32,64
03_move_effects/frames_safe/base_32px/effect_058_frame_01_32x32.png,move_effect_frame/base_32px,Game Boy Advance - Pokemon FireRed _ LeafGreen - Battle Effects - Move Effects(2).png,effect_058,frame_01,374,344,32,32
03_move_effects/frames_safe/base_32px/effect_058_frame_02_32x32.png,move_effect_frame/base_32px,Game Boy Advance - Pokemon FireRed _ LeafGreen - Battle Effects - Move Effects(2).png,effect_058,frame_02,374,376,32,32
03_move_effects/groups/base_16px/effect_059_x357_y356_16x128.png,move_effect_group/base_16px,Game Boy Advance - Pokemon FireRed _ LeafGreen - Battle Effects - Move Effects(2).png,effect_059,,357,356,16,128
03_move_effects/frames_safe/base_16px/effect_059_frame_01_16x16.png,move_effect_frame/base_16px,Game Boy Advance - Pokemon FireRed _ LeafGreen - Battle Effects - Move Effects(2).png,effect_059,frame_01,357,356,16,16
03_move_effects/frames_safe/base_16px/effect_059_frame_02_16x16.png,move_effect_frame/base_16px,Game Boy Advance - Pokemon FireRed _ LeafGreen - Battle Effects - Move Effects(2).png,effect_059,frame_02,357,372,16,16
03_move_effects/frames_safe/base_16px/effect_059_frame_03_16x16.png,move_effect_frame/base_16px,Game Boy Advance - Pokemon FireRed _ LeafGreen - Battle Effects - Move Effects(2).png,effect_059,frame_03,357,388,16,16
03_move_effects/frames_safe/base_16px/effect_059_frame_04_16x16.png,move_effect_frame/base_16px,Game Boy Advance - Pokemon FireRed _ LeafGreen - Battle Effects - Move Effects(2).png,effect_059,frame_04,357,404,16,16
03_move_effects/frames_safe/base_16px/effect_059_frame_05_16x16.png,move_effect_frame/base_16px,Game Boy Advance - Pokemon FireRed _ LeafGreen - Battle Effects - Move Effects(2).png,effect_059,frame_05,357,420,16,16
03_move_effects/frames_safe/base_16px/effect_059_frame_06_16x16.png,move_effect_frame/base_16px,Game Boy Advance - Pokemon FireRed _ LeafGreen - Battle Effects - Move Effects(2).png,effect_059,frame_06,357,436,16,16
03_move_effects/frames_safe/base_16px/effect_059_frame_07_16x16.png,move_effect_frame/base_16px,Game Boy Advance - Pokemon FireRed _ LeafGreen - Battle Effects - Move Effects(2).png,effect_059,frame_07,357,452,16,16
03_move_effects/frames_safe/base_16px/effect_059_frame_08_16x16.png,move_effect_frame/base_16px,Game Boy Advance - Pokemon FireRed _ LeafGreen - Battle Effects - Move Effects(2).png,effect_059,frame_08,357,468,16,16
03_move_effects/groups/base_16px/effect_060_x1_y361_16x16.png,move_effect_group/base_16px,Game Boy Advance - Pokemon FireRed _ LeafGreen - Battle Effects - Move Effects(2).png,effect_060,,1,361,16,16
03_move_effects/frames_safe/base_16px/effect_060_frame_01_16x16.png,move_effect_frame/base_16px,Game Boy Advance - Pokemon FireRed _ LeafGreen - Battle Effects - Move Effects(2).png,effect_060,frame_01,1,361,16,16
03_move_effects/groups/base_32px/effect_061_x440_y361_32x160.png,move_effect_group/base_32px,Game Boy Advance - Pokemon FireRed _ LeafGreen - Battle Effects - Move Effects(2).png,effect_061,,440,361,32,160
03_move_effects/frames_safe/base_32px/effect_061_frame_01_32x32.png,move_effect_frame/base_32px,Game Boy Advance - Pokemon FireRed _ LeafGreen - Battle Effects - Move Effects(2).png,effect_061,frame_01,440,361,32,32
03_move_effects/frames_safe/base_32px/effect_061_frame_02_32x32.png,move_effect_frame/base_32px,Game Boy Advance - Pokemon FireRed _ LeafGreen - Battle Effects - Move Effects(2).png,effect_061,frame_02,440,393,32,32
03_move_effects/frames_safe/base_32px/effect_061_frame_03_32x32.png,move_effect_frame/base_32px,Game Boy Advance - Pokemon FireRed _ LeafGreen - Battle Effects - Move Effects(2).png,effect_061,frame_03,440,425,32,32
03_move_effects/frames_safe/base_32px/effect_061_frame_04_32x32.png,move_effect_frame/base_32px,Game Boy Advance - Pokemon FireRed _ LeafGreen - Battle Effects - Move Effects(2).png,effect_061,frame_04,440,457,32,32
03_move_effects/frames_safe/base_32px/effect_061_frame_05_32x32.png,move_effect_frame/base_32px,Game Boy Advance - Pokemon FireRed _ LeafGreen - Battle Effects - Move Effects(2).png,effect_061,frame_05,440,489,32,32
03_move_effects/groups/base_32px/effect_062_x407_y369_32x128.png,move_effect_group/base_32px,Game Boy Advance - Pokemon FireRed _ LeafGreen - Battle Effects - Move Effects(2).png,effect_062,,407,369,32,128
03_move_effects/frames_safe/base_32px/effect_062_frame_01_32x32.png,move_effect_frame/base_32px,Game Boy Advance - Pokemon FireRed _ LeafGreen - Battle Effects - Move Effects(2).png,effect_062,frame_01,407,369,32,32
03_move_effects/frames_safe/base_32px/effect_062_frame_02_32x32.png,move_effect_frame/base_32px,Game Boy Advance - Pokemon FireRed _ LeafGreen - Battle Effects - Move Effects(2).png,effect_062,frame_02,407,401,32,32
03_move_effects/frames_safe/base_32px/effect_062_frame_03_32x32.png,move_effect_frame/base_32px,Game Boy Advance - Pokemon FireRed _ LeafGreen - Battle Effects - Move Effects(2).png,effect_062,frame_03,407,433,32,32
03_move_effects/frames_safe/base_32px/effect_062_frame_04_32x32.png,move_effect_frame/base_32px,Game Boy Advance - Pokemon FireRed _ LeafGreen - Battle Effects - Move Effects(2).png,effect_062,frame_04,407,465,32,32
03_move_effects/groups/base_16px/effect_063_x473_y371_16x48.png,move_effect_group/base_16px,Game Boy Advance - Pokemon FireRed _ LeafGreen - Battle Effects - Move Effects(2).png,effect_063,,473,371,16,48
03_move_effects/frames_safe/base_16px/effect_063_frame_01_16x16.png,move_effect_frame/base_16px,Game Boy Advance - Pokemon FireRed _ LeafGreen - Battle Effects - Move Effects(2).png,effect_063,frame_01,473,371,16,16
03_move_effects/frames_safe/base_16px/effect_063_frame_02_16x16.png,move_effect_frame/base_16px,Game Boy Advance - Pokemon FireRed _ LeafGreen - Battle Effects - Move Effects(2).png,effect_063,frame_02,473,387,16,16
03_move_effects/frames_safe/base_16px/effect_063_frame_03_16x16.png,move_effect_frame/base_16px,Game Boy Advance - Pokemon FireRed _ LeafGreen - Battle Effects - Move Effects(2).png,effect_063,frame_03,473,403,16,16
03_move_effects/groups/base_16px/effect_064_x274_y377_16x40.png,move_effect_group/base_16px,Game Boy Advance - Pokemon FireRed _ LeafGreen - Battle Effects - Move Effects(2).png,effect_064,,274,377,16,40
03_move_effects/frames_safe/base_16px/effect_064_frame_01_16x40.png,move_effect_frame/base_16px,Game Boy Advance - Pokemon FireRed _ LeafGreen - Battle Effects - Move Effects(2).png,effect_064,frame_01,274,377,16,40
03_move_effects/groups/base_16px/effect_065_x1_y378_16x80.png,move_effect_group/base_16px,Game Boy Advance - Pokemon FireRed _ LeafGreen - Battle Effects - Move Effects(2).png,effect_065,,1,378,16,80
03_move_effects/frames_safe/base_16px/effect_065_frame_01_16x16.png,move_effect_frame/base_16px,Game Boy Advance - Pokemon FireRed _ LeafGreen - Battle Effects - Move Effects(2).png,effect_065,frame_01,1,378,16,16
03_move_effects/frames_safe/base_16px/effect_065_frame_02_16x16.png,move_effect_frame/base_16px,Game Boy Advance - Pokemon FireRed _ LeafGreen - Battle Effects - Move Effects(2).png,effect_065,frame_02,1,394,16,16
03_move_effects/frames_safe/base_16px/effect_065_frame_03_16x16.png,move_effect_frame/base_16px,Game Boy Advance - Pokemon FireRed _ LeafGreen - Battle Effects - Move Effects(2).png,effect_065,frame_03,1,410,16,16
03_move_effects/frames_safe/base_16px/effect_065_frame_04_16x16.png,move_effect_frame/base_16px,Game Boy Advance - Pokemon FireRed _ LeafGreen - Battle Effects - Move Effects(2).png,effect_065,frame_04,1,426,16,16
03_move_effects/frames_safe/base_16px/effect_065_frame_05_16x16.png,move_effect_frame/base_16px,Game Boy Advance - Pokemon FireRed _ LeafGreen - Battle Effects - Move Effects(2).png,effect_065,frame_05,1,442,16,16
03_move_effects/groups/base_32px/effect_066_x150_y401_32x160.png,move_effect_group/base_32px,Game Boy Advance - Pokemon FireRed _ LeafGreen - Battle Effects - Move Effects(2).png,effect_066,,150,401,32,160
03_move_effects/frames_safe/base_32px/effect_066_frame_01_32x32.png,move_effect_frame/base_32px,Game Boy Advance - Pokemon FireRed _ LeafGreen - Battle Effects - Move Effects(2).png,effect_066,frame_01,150,401,32,32
03_move_effects/frames_safe/base_32px/effect_066_frame_02_32x32.png,move_effect_frame/base_32px,Game Boy Advance - Pokemon FireRed _ LeafGreen - Battle Effects - Move Effects(2).png,effect_066,frame_02,150,433,32,32
03_move_effects/frames_safe/base_32px/effect_066_frame_03_32x32.png,move_effect_frame/base_32px,Game Boy Advance - Pokemon FireRed _ LeafGreen - Battle Effects - Move Effects(2).png,effect_066,frame_03,150,465,32,32
03_move_effects/frames_safe/base_32px/effect_066_frame_04_32x32.png,move_effect_frame/base_32px,Game Boy Advance - Pokemon FireRed _ LeafGreen - Battle Effects - Move Effects(2).png,effect_066,frame_04,150,497,32,32
03_move_effects/frames_safe/base_32px/effect_066_frame_05_32x32.png,move_effect_frame/base_32px,Game Boy Advance - Pokemon FireRed _ LeafGreen - Battle Effects - Move Effects(2).png,effect_066,frame_05,150,529,32,32
03_move_effects/groups/base_16px/effect_067_x183_y402_16x32.png,move_effect_group/base_16px,Game Boy Advance - Pokemon FireRed _ LeafGreen - Battle Effects - Move Effects(2).png,effect_067,,183,402,16,32
03_move_effects/frames_safe/base_16px/effect_067_frame_01_16x16.png,move_effect_frame/base_16px,Game Boy Advance - Pokemon FireRed _ LeafGreen - Battle Effects - Move Effects(2).png,effect_067,frame_01,183,402,16,16
03_move_effects/frames_safe/base_16px/effect_067_frame_02_16x16.png,move_effect_frame/base_16px,Game Boy Advance - Pokemon FireRed _ LeafGreen - Battle Effects - Move Effects(2).png,effect_067,frame_02,183,418,16,16
03_move_effects/groups/base_16px/effect_068_x374_y409_32x16.png,move_effect_group/base_16px,Game Boy Advance - Pokemon FireRed _ LeafGreen - Battle Effects - Move Effects(2).png,effect_068,,374,409,32,16
03_move_effects/frames_safe/base_16px/effect_068_frame_01_16x16.png,move_effect_frame/base_16px,Game Boy Advance - Pokemon FireRed _ LeafGreen - Battle Effects - Move Effects(2).png,effect_068,frame_01,374,409,16,16
03_move_effects/frames_safe/base_16px/effect_068_frame_02_16x16.png,move_effect_frame/base_16px,Game Boy Advance - Pokemon FireRed _ LeafGreen - Battle Effects - Move Effects(2).png,effect_068,frame_02,390,409,16,16
03_move_effects/groups/base_16px/effect_069_x274_y418_16x24.png,move_effect_group/base_16px,Game Boy Advance - Pokemon FireRed _ LeafGreen - Battle Effects - Move Effects(2).png,effect_069,,274,418,16,24
03_move_effects/frames_safe/base_16px/effect_069_frame_01_16x24.png,move_effect_frame/base_16px,Game Boy Advance - Pokemon FireRed _ LeafGreen - Battle Effects - Move Effects(2).png,effect_069,frame_01,274,418,16,24
03_move_effects/groups/base_16px/effect_070_x473_y420_16x32.png,move_effect_group/base_16px,Game Boy Advance - Pokemon FireRed _ LeafGreen - Battle Effects - Move Effects(2).png,effect_070,,473,420,16,32
03_move_effects/frames_safe/base_16px/effect_070_frame_01_16x16.png,move_effect_frame/base_16px,Game Boy Advance - Pokemon FireRed _ LeafGreen - Battle Effects - Move Effects(2).png,effect_070,frame_01,473,420,16,16
03_move_effects/frames_safe/base_16px/effect_070_frame_02_16x16.png,move_effect_frame/base_16px,Game Boy Advance - Pokemon FireRed _ LeafGreen - Battle Effects - Move Effects(2).png,effect_070,frame_02,473,436,16,16
03_move_effects/groups/base_16px/effect_071_x374_y426_32x16.png,move_effect_group/base_16px,Game Boy Advance - Pokemon FireRed _ LeafGreen - Battle Effects - Move Effects(2).png,effect_071,,374,426,32,16
03_move_effects/frames_safe/base_16px/effect_071_frame_01_16x16.png,move_effect_frame/base_16px,Game Boy Advance - Pokemon FireRed _ LeafGreen - Battle Effects - Move Effects(2).png,effect_071,frame_01,374,426,16,16
03_move_effects/frames_safe/base_16px/effect_071_frame_02_16x16.png,move_effect_frame/base_16px,Game Boy Advance - Pokemon FireRed _ LeafGreen - Battle Effects - Move Effects(2).png,effect_071,frame_02,390,426,16,16
03_move_effects/groups/base_32px/effect_072_x200_y433_32x128.png,move_effect_group/base_32px,Game Boy Advance - Pokemon FireRed _ LeafGreen - Battle Effects - Move Effects(2).png,effect_072,,200,433,32,128
03_move_effects/frames_safe/base_32px/effect_072_frame_01_32x32.png,move_effect_frame/base_32px,Game Boy Advance - Pokemon FireRed _ LeafGreen - Battle Effects - Move Effects(2).png,effect_072,frame_01,200,433,32,32
03_move_effects/frames_safe/base_32px/effect_072_frame_02_32x32.png,move_effect_frame/base_32px,Game Boy Advance - Pokemon FireRed _ LeafGreen - Battle Effects - Move Effects(2).png,effect_072,frame_02,200,465,32,32
03_move_effects/frames_safe/base_32px/effect_072_frame_03_32x32.png,move_effect_frame/base_32px,Game Boy Advance - Pokemon FireRed _ LeafGreen - Battle Effects - Move Effects(2).png,effect_072,frame_03,200,497,32,32
03_move_effects/frames_safe/base_32px/effect_072_frame_04_32x32.png,move_effect_frame/base_32px,Game Boy Advance - Pokemon FireRed _ LeafGreen - Battle Effects - Move Effects(2).png,effect_072,frame_04,200,529,32,32
03_move_effects/groups/base_16px/effect_073_x183_y435_16x160.png,move_effect_group/base_16px,Game Boy Advance - Pokemon FireRed _ LeafGreen - Battle Effects - Move Effects(2).png,effect_073,,183,435,16,160
03_move_effects/frames_safe/base_16px/effect_073_frame_01_16x16.png,move_effect_frame/base_16px,Game Boy Advance - Pokemon FireRed _ LeafGreen - Battle Effects - Move Effects(2).png,effect_073,frame_01,183,435,16,16
03_move_effects/frames_safe/base_16px/effect_073_frame_02_16x16.png,move_effect_frame/base_16px,Game Boy Advance - Pokemon FireRed _ LeafGreen - Battle Effects - Move Effects(2).png,effect_073,frame_02,183,451,16,16
03_move_effects/frames_safe/base_16px/effect_073_frame_03_16x16.png,move_effect_frame/base_16px,Game Boy Advance - Pokemon FireRed _ LeafGreen - Battle Effects - Move Effects(2).png,effect_073,frame_03,183,467,16,16
03_move_effects/frames_safe/base_16px/effect_073_frame_04_16x16.png,move_effect_frame/base_16px,Game Boy Advance - Pokemon FireRed _ LeafGreen - Battle Effects - Move Effects(2).png,effect_073,frame_04,183,483,16,16
03_move_effects/frames_safe/base_16px/effect_073_frame_05_16x16.png,move_effect_frame/base_16px,Game Boy Advance - Pokemon FireRed _ LeafGreen - Battle Effects - Move Effects(2).png,effect_073,frame_05,183,499,16,16
03_move_effects/frames_safe/base_16px/effect_073_frame_06_16x16.png,move_effect_frame/base_16px,Game Boy Advance - Pokemon FireRed _ LeafGreen - Battle Effects - Move Effects(2).png,effect_073,frame_06,183,515,16,16
03_move_effects/frames_safe/base_16px/effect_073_frame_07_16x16.png,move_effect_frame/base_16px,Game Boy Advance - Pokemon FireRed _ LeafGreen - Battle Effects - Move Effects(2).png,effect_073,frame_07,183,531,16,16
03_move_effects/frames_safe/base_16px/effect_073_frame_08_16x16.png,move_effect_frame/base_16px,Game Boy Advance - Pokemon FireRed _ LeafGreen - Battle Effects - Move Effects(2).png,effect_073,frame_08,183,547,16,16
03_move_effects/frames_safe/base_16px/effect_073_frame_09_16x16.png,move_effect_frame/base_16px,Game Boy Advance - Pokemon FireRed _ LeafGreen - Battle Effects - Move Effects(2).png,effect_073,frame_09,183,563,16,16
03_move_effects/frames_safe/base_16px/effect_073_frame_10_16x16.png,move_effect_frame/base_16px,Game Boy Advance - Pokemon FireRed _ LeafGreen - Battle Effects - Move Effects(2).png,effect_073,frame_10,183,579,16,16
03_move_effects/groups/base_64px/effect_074_x291_y440_64x64.png,move_effect_group/base_64px,Game Boy Advance - Pokemon FireRed _ LeafGreen - Battle Effects - Move Effects(2).png,effect_074,,291,440,64,64
03_move_effects/frames_safe/base_64px/effect_074_frame_01_64x64.png,move_effect_frame/base_64px,Game Boy Advance - Pokemon FireRed _ LeafGreen - Battle Effects - Move Effects(2).png,effect_074,frame_01,291,440,64,64
03_move_effects/groups/base_16px/effect_075_x274_y443_16x32.png,move_effect_group/base_16px,Game Boy Advance - Pokemon FireRed _ LeafGreen - Battle Effects - Move Effects(2).png,effect_075,,274,443,16,32
03_move_effects/frames_safe/base_16px/effect_075_frame_01_16x16.png,move_effect_frame/base_16px,Game Boy Advance - Pokemon FireRed _ LeafGreen - Battle Effects - Move Effects(2).png,effect_075,frame_01,274,443,16,16
03_move_effects/frames_safe/base_16px/effect_075_frame_02_16x16.png,move_effect_frame/base_16px,Game Boy Advance - Pokemon FireRed _ LeafGreen - Battle Effects - Move Effects(2).png,effect_075,frame_02,274,459,16,16
03_move_effects/groups/base_32px/effect_076_x374_y443_32x32.png,move_effect_group/base_32px,Game Boy Advance - Pokemon FireRed _ LeafGreen - Battle Effects - Move Effects(2).png,effect_076,,374,443,32,32
03_move_effects/frames_safe/base_32px/effect_076_frame_01_32x32.png,move_effect_frame/base_32px,Game Boy Advance - Pokemon FireRed _ LeafGreen - Battle Effects - Move Effects(2).png,effect_076,frame_01,374,443,32,32
03_move_effects/groups/base_16px/effect_077_x473_y453_16x96.png,move_effect_group/base_16px,Game Boy Advance - Pokemon FireRed _ LeafGreen - Battle Effects - Move Effects(2).png,effect_077,,473,453,16,96
03_move_effects/frames_safe/base_16px/effect_077_frame_01_16x16.png,move_effect_frame/base_16px,Game Boy Advance - Pokemon FireRed _ LeafGreen - Battle Effects - Move Effects(2).png,effect_077,frame_01,473,453,16,16
03_move_effects/frames_safe/base_16px/effect_077_frame_02_16x16.png,move_effect_frame/base_16px,Game Boy Advance - Pokemon FireRed _ LeafGreen - Battle Effects - Move Effects(2).png,effect_077,frame_02,473,469,16,16
03_move_effects/frames_safe/base_16px/effect_077_frame_03_16x16.png,move_effect_frame/base_16px,Game Boy Advance - Pokemon FireRed _ LeafGreen - Battle Effects - Move Effects(2).png,effect_077,frame_03,473,485,16,16
03_move_effects/frames_safe/base_16px/effect_077_frame_04_16x16.png,move_effect_frame/base_16px,Game Boy Advance - Pokemon FireRed _ LeafGreen - Battle Effects - Move Effects(2).png,effect_077,frame_04,473,501,16,16
03_move_effects/frames_safe/base_16px/effect_077_frame_05_16x16.png,move_effect_frame/base_16px,Game Boy Advance - Pokemon FireRed _ LeafGreen - Battle Effects - Move Effects(2).png,effect_077,frame_05,473,517,16,16
03_move_effects/frames_safe/base_16px/effect_077_frame_06_16x16.png,move_effect_frame/base_16px,Game Boy Advance - Pokemon FireRed _ LeafGreen - Battle Effects - Move Effects(2).png,effect_077,frame_06,473,533,16,16
03_move_effects/groups/base_16px/effect_078_x1_y459_16x16.png,move_effect_group/base_16px,Game Boy Advance - Pokemon FireRed _ LeafGreen - Battle Effects - Move Effects(2).png,effect_078,,1,459,16,16
03_move_effects/frames_safe/base_16px/effect_078_frame_01_16x16.png,move_effect_frame/base_16px,Game Boy Advance - Pokemon FireRed _ LeafGreen - Battle Effects - Move Effects(2).png,effect_078,frame_01,1,459,16,16
03_move_effects/groups/base_32px/effect_079_x241_y472_32x40.png,move_effect_group/base_32px,Game Boy Advance - Pokemon FireRed _ LeafGreen - Battle Effects - Move Effects(2).png,effect_079,,241,472,32,40
03_move_effects/frames_safe/base_32px/effect_079_frame_01_32x40.png,move_effect_frame/base_32px,Game Boy Advance - Pokemon FireRed _ LeafGreen - Battle Effects - Move Effects(2).png,effect_079,frame_01,241,472,32,40
03_move_effects/groups/compound_96px_plus/effect_080_x1_y476_128x128.png,move_effect_group/compound_96px_plus,Game Boy Advance - Pokemon FireRed _ LeafGreen - Battle Effects - Move Effects(2).png,effect_080,,1,476,128,128
03_move_effects/frames_safe/compound_96px_plus/effect_080_frame_01_128x128.png,move_effect_frame/compound_96px_plus,Game Boy Advance - Pokemon FireRed _ LeafGreen - Battle Effects - Move Effects(2).png,effect_080,frame_01,1,476,128,128
03_move_effects/groups/base_16px/effect_081_x274_y476_16x128.png,move_effect_group/base_16px,Game Boy Advance - Pokemon FireRed _ LeafGreen - Battle Effects - Move Effects(2).png,effect_081,,274,476,16,128
03_move_effects/frames_safe/base_16px/effect_081_frame_01_16x16.png,move_effect_frame/base_16px,Game Boy Advance - Pokemon FireRed _ LeafGreen - Battle Effects - Move Effects(2).png,effect_081,frame_01,274,476,16,16
03_move_effects/frames_safe/base_16px/effect_081_frame_02_16x16.png,move_effect_frame/base_16px,Game Boy Advance - Pokemon FireRed _ LeafGreen - Battle Effects - Move Effects(2).png,effect_081,frame_02,274,492,16,16
03_move_effects/frames_safe/base_16px/effect_081_frame_03_16x16.png,move_effect_frame/base_16px,Game Boy Advance - Pokemon FireRed _ LeafGreen - Battle Effects - Move Effects(2).png,effect_081,frame_03,274,508,16,16
03_move_effects/frames_safe/base_16px/effect_081_frame_04_16x16.png,move_effect_frame/base_16px,Game Boy Advance - Pokemon FireRed _ LeafGreen - Battle Effects - Move Effects(2).png,effect_081,frame_04,274,524,16,16
03_move_effects/frames_safe/base_16px/effect_081_frame_05_16x16.png,move_effect_frame/base_16px,Game Boy Advance - Pokemon FireRed _ LeafGreen - Battle Effects - Move Effects(2).png,effect_081,frame_05,274,540,16,16
03_move_effects/frames_safe/base_16px/effect_081_frame_06_16x16.png,move_effect_frame/base_16px,Game Boy Advance - Pokemon FireRed _ LeafGreen - Battle Effects - Move Effects(2).png,effect_081,frame_06,274,556,16,16
03_move_effects/frames_safe/base_16px/effect_081_frame_07_16x16.png,move_effect_frame/base_16px,Game Boy Advance - Pokemon FireRed _ LeafGreen - Battle Effects - Move Effects(2).png,effect_081,frame_07,274,572,16,16
03_move_effects/frames_safe/base_16px/effect_081_frame_08_16x16.png,move_effect_frame/base_16px,Game Boy Advance - Pokemon FireRed _ LeafGreen - Battle Effects - Move Effects(2).png,effect_081,frame_08,274,588,16,16
03_move_effects/groups/base_32px/effect_082_x374_y476_32x128.png,move_effect_group/base_32px,Game Boy Advance - Pokemon FireRed _ LeafGreen - Battle Effects - Move Effects(2).png,effect_082,,374,476,32,128
03_move_effects/frames_safe/base_32px/effect_082_frame_01_32x32.png,move_effect_frame/base_32px,Game Boy Advance - Pokemon FireRed _ LeafGreen - Battle Effects - Move Effects(2).png,effect_082,frame_01,374,476,32,32
03_move_effects/frames_safe/base_32px/effect_082_frame_02_32x32.png,move_effect_frame/base_32px,Game Boy Advance - Pokemon FireRed _ LeafGreen - Battle Effects - Move Effects(2).png,effect_082,frame_02,374,508,32,32
03_move_effects/frames_safe/base_32px/effect_082_frame_03_32x32.png,move_effect_frame/base_32px,Game Boy Advance - Pokemon FireRed _ LeafGreen - Battle Effects - Move Effects(2).png,effect_082,frame_03,374,540,32,32
03_move_effects/frames_safe/base_32px/effect_082_frame_04_32x32.png,move_effect_frame/base_32px,Game Boy Advance - Pokemon FireRed _ LeafGreen - Battle Effects - Move Effects(2).png,effect_082,frame_04,374,572,32,32
03_move_effects/groups/base_16px/effect_083_x357_y485_16x16.png,move_effect_group/base_16px,Game Boy Advance - Pokemon FireRed _ LeafGreen - Battle Effects - Move Effects(2).png,effect_083,,357,485,16,16
03_move_effects/frames_safe/base_16px/effect_083_frame_01_16x16.png,move_effect_frame/base_16px,Game Boy Advance - Pokemon FireRed _ LeafGreen - Battle Effects - Move Effects(2).png,effect_083,frame_01,357,485,16,16
03_move_effects/groups/base_32px/effect_084_x407_y498_32x128.png,move_effect_group/base_32px,Game Boy Advance - Pokemon FireRed _ LeafGreen - Battle Effects - Move Effects(2).png,effect_084,,407,498,32,128
03_move_effects/frames_safe/base_32px/effect_084_frame_01_32x32.png,move_effect_frame/base_32px,Game Boy Advance - Pokemon FireRed _ LeafGreen - Battle Effects - Move Effects(2).png,effect_084,frame_01,407,498,32,32
03_move_effects/frames_safe/base_32px/effect_084_frame_02_32x32.png,move_effect_frame/base_32px,Game Boy Advance - Pokemon FireRed _ LeafGreen - Battle Effects - Move Effects(2).png,effect_084,frame_02,407,530,32,32
03_move_effects/frames_safe/base_32px/effect_084_frame_03_32x32.png,move_effect_frame/base_32px,Game Boy Advance - Pokemon FireRed _ LeafGreen - Battle Effects - Move Effects(2).png,effect_084,frame_03,407,562,32,32
03_move_effects/frames_safe/base_32px/effect_084_frame_04_32x32.png,move_effect_frame/base_32px,Game Boy Advance - Pokemon FireRed _ LeafGreen - Battle Effects - Move Effects(2).png,effect_084,frame_04,407,594,32,32
03_move_effects/groups/base_16px/effect_085_x357_y502_16x256.png,move_effect_group/base_16px,Game Boy Advance - Pokemon FireRed _ LeafGreen - Battle Effects - Move Effects(2).png,effect_085,,357,502,16,256
03_move_effects/frames_safe/base_16px/effect_085_frame_01_16x16.png,move_effect_frame/base_16px,Game Boy Advance - Pokemon FireRed _ LeafGreen - Battle Effects - Move Effects(2).png,effect_085,frame_01,357,502,16,16
03_move_effects/frames_safe/base_16px/effect_085_frame_02_16x16.png,move_effect_frame/base_16px,Game Boy Advance - Pokemon FireRed _ LeafGreen - Battle Effects - Move Effects(2).png,effect_085,frame_02,357,518,16,16
03_move_effects/frames_safe/base_16px/effect_085_frame_03_16x16.png,move_effect_frame/base_16px,Game Boy Advance - Pokemon FireRed _ LeafGreen - Battle Effects - Move Effects(2).png,effect_085,frame_03,357,534,16,16
03_move_effects/frames_safe/base_16px/effect_085_frame_04_16x16.png,move_effect_frame/base_16px,Game Boy Advance - Pokemon FireRed _ LeafGreen - Battle Effects - Move Effects(2).png,effect_085,frame_04,357,550,16,16
03_move_effects/frames_safe/base_16px/effect_085_frame_05_16x16.png,move_effect_frame/base_16px,Game Boy Advance - Pokemon FireRed _ LeafGreen - Battle Effects - Move Effects(2).png,effect_085,frame_05,357,566,16,16
03_move_effects/frames_safe/base_16px/effect_085_frame_06_16x16.png,move_effect_frame/base_16px,Game Boy Advance - Pokemon FireRed _ LeafGreen - Battle Effects - Move Effects(2).png,effect_085,frame_06,357,582,16,16
03_move_effects/frames_safe/base_16px/effect_085_frame_07_16x16.png,move_effect_frame/base_16px,Game Boy Advance - Pokemon FireRed _ LeafGreen - Battle Effects - Move Effects(2).png,effect_085,frame_07,357,598,16,16
03_move_effects/frames_safe/base_16px/effect_085_frame_08_16x16.png,move_effect_frame/base_16px,Game Boy Advance - Pokemon FireRed _ LeafGreen - Battle Effects - Move Effects(2).png,effect_085,frame_08,357,614,16,16
03_move_effects/frames_safe/base_16px/effect_085_frame_09_16x16.png,move_effect_frame/base_16px,Game Boy Advance - Pokemon FireRed _ LeafGreen - Battle Effects - Move Effects(2).png,effect_085,frame_09,357,630,16,16
03_move_effects/frames_safe/base_16px/effect_085_frame_10_16x16.png,move_effect_frame/base_16px,Game Boy Advance - Pokemon FireRed _ LeafGreen - Battle Effects - Move Effects(2).png,effect_085,frame_10,357,646,16,16
03_move_effects/frames_safe/base_16px/effect_085_frame_11_16x16.png,move_effect_frame/base_16px,Game Boy Advance - Pokemon FireRed _ LeafGreen - Battle Effects - Move Effects(2).png,effect_085,frame_11,357,662,16,16
03_move_effects/frames_safe/base_16px/effect_085_frame_12_16x16.png,move_effect_frame/base_16px,Game Boy Advance - Pokemon FireRed _ LeafGreen - Battle Effects - Move Effects(2).png,effect_085,frame_12,357,678,16,16
03_move_effects/frames_safe/base_16px/effect_085_frame_13_16x16.png,move_effect_frame/base_16px,Game Boy Advance - Pokemon FireRed _ LeafGreen - Battle Effects - Move Effects(2).png,effect_085,frame_13,357,694,16,16
03_move_effects/frames_safe/base_16px/effect_085_frame_14_16x16.png,move_effect_frame/base_16px,Game Boy Advance - Pokemon FireRed _ LeafGreen - Battle Effects - Move Effects(2).png,effect_085,frame_14,357,710,16,16
03_move_effects/frames_safe/base_16px/effect_085_frame_15_16x16.png,move_effect_frame/base_16px,Game Boy Advance - Pokemon FireRed _ LeafGreen - Battle Effects - Move Effects(2).png,effect_085,frame_15,357,726,16,16
03_move_effects/frames_safe/base_16px/effect_085_frame_16_16x16.png,move_effect_frame/base_16px,Game Boy Advance - Pokemon FireRed _ LeafGreen - Battle Effects - Move Effects(2).png,effect_085,frame_16,357,742,16,16
03_move_effects/groups/base_64px/effect_086_x291_y505_64x64.png,move_effect_group/base_64px,Game Boy Advance - Pokemon FireRed _ LeafGreen - Battle Effects - Move Effects(2).png,effect_086,,291,505,64,64
03_move_effects/frames_safe/base_64px/effect_086_frame_01_64x64.png,move_effect_frame/base_64px,Game Boy Advance - Pokemon FireRed _ LeafGreen - Battle Effects - Move Effects(2).png,effect_086,frame_01,291,505,64,64
03_move_effects/groups/base_32px/effect_087_x241_y513_32x128.png,move_effect_group/base_32px,Game Boy Advance - Pokemon FireRed _ LeafGreen - Battle Effects - Move Effects(2).png,effect_087,,241,513,32,128
03_move_effects/frames_safe/base_32px/effect_087_frame_01_32x32.png,move_effect_frame/base_32px,Game Boy Advance - Pokemon FireRed _ LeafGreen - Battle Effects - Move Effects(2).png,effect_087,frame_01,241,513,32,32
03_move_effects/frames_safe/base_32px/effect_087_frame_02_32x32.png,move_effect_frame/base_32px,Game Boy Advance - Pokemon FireRed _ LeafGreen - Battle Effects - Move Effects(2).png,effect_087,frame_02,241,545,32,32
03_move_effects/frames_safe/base_32px/effect_087_frame_03_32x32.png,move_effect_frame/base_32px,Game Boy Advance - Pokemon FireRed _ LeafGreen - Battle Effects - Move Effects(2).png,effect_087,frame_03,241,577,32,32
03_move_effects/frames_safe/base_32px/effect_087_frame_04_32x32.png,move_effect_frame/base_32px,Game Boy Advance - Pokemon FireRed _ LeafGreen - Battle Effects - Move Effects(2).png,effect_087,frame_04,241,609,32,32
03_move_effects/groups/base_32px/effect_088_x440_y522_32x64.png,move_effect_group/base_32px,Game Boy Advance - Pokemon FireRed _ LeafGreen - Battle Effects - Move Effects(2).png,effect_088,,440,522,32,64
03_move_effects/frames_safe/base_32px/effect_088_frame_01_32x32.png,move_effect_frame/base_32px,Game Boy Advance - Pokemon FireRed _ LeafGreen - Battle Effects - Move Effects(2).png,effect_088,frame_01,440,522,32,32
03_move_effects/frames_safe/base_32px/effect_088_frame_02_32x32.png,move_effect_frame/base_32px,Game Boy Advance - Pokemon FireRed _ LeafGreen - Battle Effects - Move Effects(2).png,effect_088,frame_02,440,554,32,32
03_move_effects/groups/base_16px/effect_089_x473_y550_16x48.png,move_effect_group/base_16px,Game Boy Advance - Pokemon FireRed _ LeafGreen - Battle Effects - Move Effects(2).png,effect_089,,473,550,16,48
03_move_effects/frames_safe/base_16px/effect_089_frame_01_16x16.png,move_effect_frame/base_16px,Game Boy Advance - Pokemon FireRed _ LeafGreen - Battle Effects - Move Effects(2).png,effect_089,frame_01,473,550,16,16
03_move_effects/frames_safe/base_16px/effect_089_frame_02_16x16.png,move_effect_frame/base_16px,Game Boy Advance - Pokemon FireRed _ LeafGreen - Battle Effects - Move Effects(2).png,effect_089,frame_02,473,566,16,16
03_move_effects/frames_safe/base_16px/effect_089_frame_03_16x16.png,move_effect_frame/base_16px,Game Boy Advance - Pokemon FireRed _ LeafGreen - Battle Effects - Move Effects(2).png,effect_089,frame_03,473,582,16,16
03_move_effects/groups/base_32px/effect_090_x150_y562_32x96.png,move_effect_group/base_32px,Game Boy Advance - Pokemon FireRed _ LeafGreen - Battle Effects - Move Effects(2).png,effect_090,,150,562,32,96
03_move_effects/frames_safe/base_32px/effect_090_frame_01_32x32.png,move_effect_frame/base_32px,Game Boy Advance - Pokemon FireRed _ LeafGreen - Battle Effects - Move Effects(2).png,effect_090,frame_01,150,562,32,32
03_move_effects/frames_safe/base_32px/effect_090_frame_02_32x32.png,move_effect_frame/base_32px,Game Boy Advance - Pokemon FireRed _ LeafGreen - Battle Effects - Move Effects(2).png,effect_090,frame_02,150,594,32,32
03_move_effects/frames_safe/base_32px/effect_090_frame_03_32x32.png,move_effect_frame/base_32px,Game Boy Advance - Pokemon FireRed _ LeafGreen - Battle Effects - Move Effects(2).png,effect_090,frame_03,150,626,32,32
03_move_effects/groups/base_32px/effect_091_x200_y562_32x176.png,move_effect_group/base_32px,Game Boy Advance - Pokemon FireRed _ LeafGreen - Battle Effects - Move Effects(2).png,effect_091,,200,562,32,176
03_move_effects/frames_safe/base_32px/effect_091_frame_01_32x176.png,move_effect_frame/base_32px,Game Boy Advance - Pokemon FireRed _ LeafGreen - Battle Effects - Move Effects(2).png,effect_091,frame_01,200,562,32,176
03_move_effects/groups/base_32px/effect_092_x291_y570_64x32.png,move_effect_group/base_32px,Game Boy Advance - Pokemon FireRed _ LeafGreen - Battle Effects - Move Effects(2).png,effect_092,,291,570,64,32
03_move_effects/frames_safe/base_32px/effect_092_frame_01_32x32.png,move_effect_frame/base_32px,Game Boy Advance - Pokemon FireRed _ LeafGreen - Battle Effects - Move Effects(2).png,effect_092,frame_01,291,570,32,32
03_move_effects/frames_safe/base_32px/effect_092_frame_02_32x32.png,move_effect_frame/base_32px,Game Boy Advance - Pokemon FireRed _ LeafGreen - Battle Effects - Move Effects(2).png,effect_092,frame_02,323,570,32,32
03_move_effects/groups/base_32px/effect_093_x440_y587_32x96.png,move_effect_group/base_32px,Game Boy Advance - Pokemon FireRed _ LeafGreen - Battle Effects - Move Effects(2).png,effect_093,,440,587,32,96
03_move_effects/frames_safe/base_32px/effect_093_frame_01_32x32.png,move_effect_frame/base_32px,Game Boy Advance - Pokemon FireRed _ LeafGreen - Battle Effects - Move Effects(2).png,effect_093,frame_01,440,587,32,32
03_move_effects/frames_safe/base_32px/effect_093_frame_02_32x32.png,move_effect_frame/base_32px,Game Boy Advance - Pokemon FireRed _ LeafGreen - Battle Effects - Move Effects(2).png,effect_093,frame_02,440,619,32,32
03_move_effects/frames_safe/base_32px/effect_093_frame_03_32x32.png,move_effect_frame/base_32px,Game Boy Advance - Pokemon FireRed _ LeafGreen - Battle Effects - Move Effects(2).png,effect_093,frame_03,440,651,32,32
03_move_effects/groups/base_16px/effect_094_x183_y596_16x112.png,move_effect_group/base_16px,Game Boy Advance - Pokemon FireRed _ LeafGreen - Battle Effects - Move Effects(2).png,effect_094,,183,596,16,112
03_move_effects/frames_safe/base_16px/effect_094_frame_01_16x16.png,move_effect_frame/base_16px,Game Boy Advance - Pokemon FireRed _ LeafGreen - Battle Effects - Move Effects(2).png,effect_094,frame_01,183,596,16,16
03_move_effects/frames_safe/base_16px/effect_094_frame_02_16x16.png,move_effect_frame/base_16px,Game Boy Advance - Pokemon FireRed _ LeafGreen - Battle Effects - Move Effects(2).png,effect_094,frame_02,183,612,16,16
03_move_effects/frames_safe/base_16px/effect_094_frame_03_16x16.png,move_effect_frame/base_16px,Game Boy Advance - Pokemon FireRed _ LeafGreen - Battle Effects - Move Effects(2).png,effect_094,frame_03,183,628,16,16
03_move_effects/frames_safe/base_16px/effect_094_frame_04_16x16.png,move_effect_frame/base_16px,Game Boy Advance - Pokemon FireRed _ LeafGreen - Battle Effects - Move Effects(2).png,effect_094,frame_04,183,644,16,16
03_move_effects/frames_safe/base_16px/effect_094_frame_05_16x16.png,move_effect_frame/base_16px,Game Boy Advance - Pokemon FireRed _ LeafGreen - Battle Effects - Move Effects(2).png,effect_094,frame_05,183,660,16,16
03_move_effects/frames_safe/base_16px/effect_094_frame_06_16x16.png,move_effect_frame/base_16px,Game Boy Advance - Pokemon FireRed _ LeafGreen - Battle Effects - Move Effects(2).png,effect_094,frame_06,183,676,16,16
03_move_effects/frames_safe/base_16px/effect_094_frame_07_16x16.png,move_effect_frame/base_16px,Game Boy Advance - Pokemon FireRed _ LeafGreen - Battle Effects - Move Effects(2).png,effect_094,frame_07,183,692,16,16
03_move_effects/groups/base_16px/effect_095_x473_y599_16x16.png,move_effect_group/base_16px,Game Boy Advance - Pokemon FireRed _ LeafGreen - Battle Effects - Move Effects(2).png,effect_095,,473,599,16,16
03_move_effects/frames_safe/base_16px/effect_095_frame_01_16x16.png,move_effect_frame/base_16px,Game Boy Advance - Pokemon FireRed _ LeafGreen - Battle Effects - Move Effects(2).png,effect_095,frame_01,473,599,16,16
03_move_effects/groups/base_64px/effect_096_x291_y603_64x64.png,move_effect_group/base_64px,Game Boy Advance - Pokemon FireRed _ LeafGreen - Battle Effects - Move Effects(2).png,effect_096,,291,603,64,64
03_move_effects/frames_safe/base_64px/effect_096_frame_01_64x64.png,move_effect_frame/base_64px,Game Boy Advance - Pokemon FireRed _ LeafGreen - Battle Effects - Move Effects(2).png,effect_096,frame_01,291,603,64,64
03_move_effects/groups/base_64px/effect_097_x1_y605_64x64.png,move_effect_group/base_64px,Game Boy Advance - Pokemon FireRed _ LeafGreen - Battle Effects - Move Effects(2).png,effect_097,,1,605,64,64
03_move_effects/frames_safe/base_64px/effect_097_frame_01_64x64.png,move_effect_frame/base_64px,Game Boy Advance - Pokemon FireRed _ LeafGreen - Battle Effects - Move Effects(2).png,effect_097,frame_01,1,605,64,64
03_move_effects/groups/base_64px/effect_098_x66_y605_64x64.png,move_effect_group/base_64px,Game Boy Advance - Pokemon FireRed _ LeafGreen - Battle Effects - Move Effects(2).png,effect_098,,66,605,64,64
03_move_effects/frames_safe/base_64px/effect_098_frame_01_64x64.png,move_effect_frame/base_64px,Game Boy Advance - Pokemon FireRed _ LeafGreen - Battle Effects - Move Effects(2).png,effect_098,frame_01,66,605,64,64
03_move_effects/groups/base_16px/effect_099_x274_y605_16x24.png,move_effect_group/base_16px,Game Boy Advance - Pokemon FireRed _ LeafGreen - Battle Effects - Move Effects(2).png,effect_099,,274,605,16,24
03_move_effects/frames_safe/base_16px/effect_099_frame_01_16x24.png,move_effect_frame/base_16px,Game Boy Advance - Pokemon FireRed _ LeafGreen - Battle Effects - Move Effects(2).png,effect_099,frame_01,274,605,16,24
03_move_effects/groups/base_32px/effect_100_x374_y605_32x128.png,move_effect_group/base_32px,Game Boy Advance - Pokemon FireRed _ LeafGreen - Battle Effects - Move Effects(2).png,effect_100,,374,605,32,128
03_move_effects/frames_safe/base_32px/effect_100_frame_01_32x32.png,move_effect_frame/base_32px,Game Boy Advance - Pokemon FireRed _ LeafGreen - Battle Effects - Move Effects(2).png,effect_100,frame_01,374,605,32,32
03_move_effects/frames_safe/base_32px/effect_100_frame_02_32x32.png,move_effect_frame/base_32px,Game Boy Advance - Pokemon FireRed _ LeafGreen - Battle Effects - Move Effects(2).png,effect_100,frame_02,374,637,32,32
03_move_effects/frames_safe/base_32px/effect_100_frame_03_32x32.png,move_effect_frame/base_32px,Game Boy Advance - Pokemon FireRed _ LeafGreen - Battle Effects - Move Effects(2).png,effect_100,frame_03,374,669,32,32
03_move_effects/frames_safe/base_32px/effect_100_frame_04_32x32.png,move_effect_frame/base_32px,Game Boy Advance - Pokemon FireRed _ LeafGreen - Battle Effects - Move Effects(2).png,effect_100,frame_04,374,701,32,32
03_move_effects/groups/base_16px/effect_101_x473_y616_16x16.png,move_effect_group/base_16px,Game Boy Advance - Pokemon FireRed _ LeafGreen - Battle Effects - Move Effects(2).png,effect_101,,473,616,16,16
03_move_effects/frames_safe/base_16px/effect_101_frame_01_16x16.png,move_effect_frame/base_16px,Game Boy Advance - Pokemon FireRed _ LeafGreen - Battle Effects - Move Effects(2).png,effect_101,frame_01,473,616,16,16
03_move_effects/groups/base_32px/effect_102_x407_y627_32x128.png,move_effect_group/base_32px,Game Boy Advance - Pokemon FireRed _ LeafGreen - Battle Effects - Move Effects(2).png,effect_102,,407,627,32,128
03_move_effects/frames_safe/base_32px/effect_102_frame_01_32x32.png,move_effect_frame/base_32px,Game Boy Advance - Pokemon FireRed _ LeafGreen - Battle Effects - Move Effects(2).png,effect_102,frame_01,407,627,32,32
03_move_effects/frames_safe/base_32px/effect_102_frame_02_32x32.png,move_effect_frame/base_32px,Game Boy Advance - Pokemon FireRed _ LeafGreen - Battle Effects - Move Effects(2).png,effect_102,frame_02,407,659,32,32
03_move_effects/frames_safe/base_32px/effect_102_frame_03_32x32.png,move_effect_frame/base_32px,Game Boy Advance - Pokemon FireRed _ LeafGreen - Battle Effects - Move Effects(2).png,effect_102,frame_03,407,691,32,32
03_move_effects/frames_safe/base_32px/effect_102_frame_04_32x32.png,move_effect_frame/base_32px,Game Boy Advance - Pokemon FireRed _ LeafGreen - Battle Effects - Move Effects(2).png,effect_102,frame_04,407,723,32,32
03_move_effects/groups/base_16px/effect_103_x274_y630_16x16.png,move_effect_group/base_16px,Game Boy Advance - Pokemon FireRed _ LeafGreen - Battle Effects - Move Effects(2).png,effect_103,,274,630,16,16
03_move_effects/frames_safe/base_16px/effect_103_frame_01_16x16.png,move_effect_frame/base_16px,Game Boy Advance - Pokemon FireRed _ LeafGreen - Battle Effects - Move Effects(2).png,effect_103,frame_01,274,630,16,16
03_move_effects/groups/base_16px/effect_104_x473_y633_16x16.png,move_effect_group/base_16px,Game Boy Advance - Pokemon FireRed _ LeafGreen - Battle Effects - Move Effects(2).png,effect_104,,473,633,16,16
03_move_effects/frames_safe/base_16px/effect_104_frame_01_16x16.png,move_effect_frame/base_16px,Game Boy Advance - Pokemon FireRed _ LeafGreen - Battle Effects - Move Effects(2).png,effect_104,frame_01,473,633,16,16
03_move_effects/groups/base_32px/effect_105_x241_y642_32x96.png,move_effect_group/base_32px,Game Boy Advance - Pokemon FireRed _ LeafGreen - Battle Effects - Move Effects(2).png,effect_105,,241,642,32,96
03_move_effects/frames_safe/base_32px/effect_105_frame_01_32x32.png,move_effect_frame/base_32px,Game Boy Advance - Pokemon FireRed _ LeafGreen - Battle Effects - Move Effects(2).png,effect_105,frame_01,241,642,32,32
03_move_effects/frames_safe/base_32px/effect_105_frame_02_32x32.png,move_effect_frame/base_32px,Game Boy Advance - Pokemon FireRed _ LeafGreen - Battle Effects - Move Effects(2).png,effect_105,frame_02,241,674,32,32
03_move_effects/frames_safe/base_32px/effect_105_frame_03_32x32.png,move_effect_frame/base_32px,Game Boy Advance - Pokemon FireRed _ LeafGreen - Battle Effects - Move Effects(2).png,effect_105,frame_03,241,706,32,32
03_move_effects/groups/base_16px/effect_106_x274_y647_16x80.png,move_effect_group/base_16px,Game Boy Advance - Pokemon FireRed _ LeafGreen - Battle Effects - Move Effects(2).png,effect_106,,274,647,16,80
03_move_effects/frames_safe/base_16px/effect_106_frame_01_16x16.png,move_effect_frame/base_16px,Game Boy Advance - Pokemon FireRed _ LeafGreen - Battle Effects - Move Effects(2).png,effect_106,frame_01,274,647,16,16
03_move_effects/frames_safe/base_16px/effect_106_frame_02_16x16.png,move_effect_frame/base_16px,Game Boy Advance - Pokemon FireRed _ LeafGreen - Battle Effects - Move Effects(2).png,effect_106,frame_02,274,663,16,16
03_move_effects/frames_safe/base_16px/effect_106_frame_03_16x16.png,move_effect_frame/base_16px,Game Boy Advance - Pokemon FireRed _ LeafGreen - Battle Effects - Move Effects(2).png,effect_106,frame_03,274,679,16,16
03_move_effects/frames_safe/base_16px/effect_106_frame_04_16x16.png,move_effect_frame/base_16px,Game Boy Advance - Pokemon FireRed _ LeafGreen - Battle Effects - Move Effects(2).png,effect_106,frame_04,274,695,16,16
03_move_effects/frames_safe/base_16px/effect_106_frame_05_16x16.png,move_effect_frame/base_16px,Game Boy Advance - Pokemon FireRed _ LeafGreen - Battle Effects - Move Effects(2).png,effect_106,frame_05,274,711,16,16
03_move_effects/groups/base_16px/effect_107_x473_y650_16x128.png,move_effect_group/base_16px,Game Boy Advance - Pokemon FireRed _ LeafGreen - Battle Effects - Move Effects(2).png,effect_107,,473,650,16,128
03_move_effects/frames_safe/base_16px/effect_107_frame_01_16x16.png,move_effect_frame/base_16px,Game Boy Advance - Pokemon FireRed _ LeafGreen - Battle Effects - Move Effects(2).png,effect_107,frame_01,473,650,16,16
03_move_effects/frames_safe/base_16px/effect_107_frame_02_16x16.png,move_effect_frame/base_16px,Game Boy Advance - Pokemon FireRed _ LeafGreen - Battle Effects - Move Effects(2).png,effect_107,frame_02,473,666,16,16
03_move_effects/frames_safe/base_16px/effect_107_frame_03_16x16.png,move_effect_frame/base_16px,Game Boy Advance - Pokemon FireRed _ LeafGreen - Battle Effects - Move Effects(2).png,effect_107,frame_03,473,682,16,16
03_move_effects/frames_safe/base_16px/effect_107_frame_04_16x16.png,move_effect_frame/base_16px,Game Boy Advance - Pokemon FireRed _ LeafGreen - Battle Effects - Move Effects(2).png,effect_107,frame_04,473,698,16,16
03_move_effects/frames_safe/base_16px/effect_107_frame_05_16x16.png,move_effect_frame/base_16px,Game Boy Advance - Pokemon FireRed _ LeafGreen - Battle Effects - Move Effects(2).png,effect_107,frame_05,473,714,16,16
03_move_effects/frames_safe/base_16px/effect_107_frame_06_16x16.png,move_effect_frame/base_16px,Game Boy Advance - Pokemon FireRed _ LeafGreen - Battle Effects - Move Effects(2).png,effect_107,frame_06,473,730,16,16
03_move_effects/frames_safe/base_16px/effect_107_frame_07_16x16.png,move_effect_frame/base_16px,Game Boy Advance - Pokemon FireRed _ LeafGreen - Battle Effects - Move Effects(2).png,effect_107,frame_07,473,746,16,16
03_move_effects/frames_safe/base_16px/effect_107_frame_08_16x16.png,move_effect_frame/base_16px,Game Boy Advance - Pokemon FireRed _ LeafGreen - Battle Effects - Move Effects(2).png,effect_107,frame_08,473,762,16,16
03_move_effects/groups/base_08px/effect_108_x150_y659_32x8.png,move_effect_group/base_08px,Game Boy Advance - Pokemon FireRed _ LeafGreen - Battle Effects - Move Effects(2).png,effect_108,,150,659,32,8
03_move_effects/frames_safe/base_08px/effect_108_frame_01_8x8.png,move_effect_frame/base_08px,Game Boy Advance - Pokemon FireRed _ LeafGreen - Battle Effects - Move Effects(2).png,effect_108,frame_01,150,659,8,8
03_move_effects/frames_safe/base_08px/effect_108_frame_02_8x8.png,move_effect_frame/base_08px,Game Boy Advance - Pokemon FireRed _ LeafGreen - Battle Effects - Move Effects(2).png,effect_108,frame_02,158,659,8,8
03_move_effects/frames_safe/base_08px/effect_108_frame_03_8x8.png,move_effect_frame/base_08px,Game Boy Advance - Pokemon FireRed _ LeafGreen - Battle Effects - Move Effects(2).png,effect_108,frame_03,166,659,8,8
03_move_effects/frames_safe/base_08px/effect_108_frame_04_8x8.png,move_effect_frame/base_08px,Game Boy Advance - Pokemon FireRed _ LeafGreen - Battle Effects - Move Effects(2).png,effect_108,frame_04,174,659,8,8
03_move_effects/groups/base_32px/effect_109_x150_y668_32x64.png,move_effect_group/base_32px,Game Boy Advance - Pokemon FireRed _ LeafGreen - Battle Effects - Move Effects(2).png,effect_109,,150,668,32,64
03_move_effects/frames_safe/base_32px/effect_109_frame_01_32x32.png,move_effect_frame/base_32px,Game Boy Advance - Pokemon FireRed _ LeafGreen - Battle Effects - Move Effects(2).png,effect_109,frame_01,150,668,32,32
03_move_effects/frames_safe/base_32px/effect_109_frame_02_32x32.png,move_effect_frame/base_32px,Game Boy Advance - Pokemon FireRed _ LeafGreen - Battle Effects - Move Effects(2).png,effect_109,frame_02,150,700,32,32
03_move_effects/groups/base_64px/effect_110_x291_y668_64x128.png,move_effect_group/base_64px,Game Boy Advance - Pokemon FireRed _ LeafGreen - Battle Effects - Move Effects(2).png,effect_110,,291,668,64,128
03_move_effects/frames_safe/base_64px/effect_110_frame_01_64x64.png,move_effect_frame/base_64px,Game Boy Advance - Pokemon FireRed _ LeafGreen - Battle Effects - Move Effects(2).png,effect_110,frame_01,291,668,64,64
03_move_effects/frames_safe/base_64px/effect_110_frame_02_64x64.png,move_effect_frame/base_64px,Game Boy Advance - Pokemon FireRed _ LeafGreen - Battle Effects - Move Effects(2).png,effect_110,frame_02,291,732,64,64
03_move_effects/groups/base_64px/effect_111_x1_y670_64x64.png,move_effect_group/base_64px,Game Boy Advance - Pokemon FireRed _ LeafGreen - Battle Effects - Move Effects(2).png,effect_111,,1,670,64,64
03_move_effects/frames_safe/base_64px/effect_111_frame_01_64x64.png,move_effect_frame/base_64px,Game Boy Advance - Pokemon FireRed _ LeafGreen - Battle Effects - Move Effects(2).png,effect_111,frame_01,1,670,64,64
03_move_effects/groups/base_64px/effect_112_x66_y670_64x64.png,move_effect_group/base_64px,Game Boy Advance - Pokemon FireRed _ LeafGreen - Battle Effects - Move Effects(2).png,effect_112,,66,670,64,64
03_move_effects/frames_safe/base_64px/effect_112_frame_01_64x64.png,move_effect_frame/base_64px,Game Boy Advance - Pokemon FireRed _ LeafGreen - Battle Effects - Move Effects(2).png,effect_112,frame_01,66,670,64,64
03_move_effects/groups/base_32px/effect_113_x440_y684_32x96.png,move_effect_group/base_32px,Game Boy Advance - Pokemon FireRed _ LeafGreen - Battle Effects - Move Effects(2).png,effect_113,,440,684,32,96
03_move_effects/frames_safe/base_32px/effect_113_frame_01_32x32.png,move_effect_frame/base_32px,Game Boy Advance - Pokemon FireRed _ LeafGreen - Battle Effects - Move Effects(2).png,effect_113,frame_01,440,684,32,32
03_move_effects/frames_safe/base_32px/effect_113_frame_02_32x32.png,move_effect_frame/base_32px,Game Boy Advance - Pokemon FireRed _ LeafGreen - Battle Effects - Move Effects(2).png,effect_113,frame_02,440,716,32,32
03_move_effects/frames_safe/base_32px/effect_113_frame_03_32x32.png,move_effect_frame/base_32px,Game Boy Advance - Pokemon FireRed _ LeafGreen - Battle Effects - Move Effects(2).png,effect_113,frame_03,440,748,32,32
03_move_effects/groups/base_16px/effect_114_x183_y709_16x128.png,move_effect_group/base_16px,Game Boy Advance - Pokemon FireRed _ LeafGreen - Battle Effects - Move Effects(2).png,effect_114,,183,709,16,128
03_move_effects/frames_safe/base_16px/effect_114_frame_01_16x16.png,move_effect_frame/base_16px,Game Boy Advance - Pokemon FireRed _ LeafGreen - Battle Effects - Move Effects(2).png,effect_114,frame_01,183,709,16,16
03_move_effects/frames_safe/base_16px/effect_114_frame_02_16x16.png,move_effect_frame/base_16px,Game Boy Advance - Pokemon FireRed _ LeafGreen - Battle Effects - Move Effects(2).png,effect_114,frame_02,183,725,16,16
03_move_effects/frames_safe/base_16px/effect_114_frame_03_16x16.png,move_effect_frame/base_16px,Game Boy Advance - Pokemon FireRed _ LeafGreen - Battle Effects - Move Effects(2).png,effect_114,frame_03,183,741,16,16
03_move_effects/frames_safe/base_16px/effect_114_frame_04_16x16.png,move_effect_frame/base_16px,Game Boy Advance - Pokemon FireRed _ LeafGreen - Battle Effects - Move Effects(2).png,effect_114,frame_04,183,757,16,16
03_move_effects/frames_safe/base_16px/effect_114_frame_05_16x16.png,move_effect_frame/base_16px,Game Boy Advance - Pokemon FireRed _ LeafGreen - Battle Effects - Move Effects(2).png,effect_114,frame_05,183,773,16,16
03_move_effects/frames_safe/base_16px/effect_114_frame_06_16x16.png,move_effect_frame/base_16px,Game Boy Advance - Pokemon FireRed _ LeafGreen - Battle Effects - Move Effects(2).png,effect_114,frame_06,183,789,16,16
03_move_effects/frames_safe/base_16px/effect_114_frame_07_16x16.png,move_effect_frame/base_16px,Game Boy Advance - Pokemon FireRed _ LeafGreen - Battle Effects - Move Effects(2).png,effect_114,frame_07,183,805,16,16
03_move_effects/frames_safe/base_16px/effect_114_frame_08_16x16.png,move_effect_frame/base_16px,Game Boy Advance - Pokemon FireRed _ LeafGreen - Battle Effects - Move Effects(2).png,effect_114,frame_08,183,821,16,16
03_move_effects/groups/base_08px/effect_115_x274_y728_8x216.png,move_effect_group/base_08px,Game Boy Advance - Pokemon FireRed _ LeafGreen - Battle Effects - Move Effects(2).png,effect_115,,274,728,8,216
03_move_effects/frames_safe/base_08px/effect_115_frame_01_8x8.png,move_effect_frame/base_08px,Game Boy Advance - Pokemon FireRed _ LeafGreen - Battle Effects - Move Effects(2).png,effect_115,frame_01,274,728,8,8
03_move_effects/frames_safe/base_08px/effect_115_frame_02_8x8.png,move_effect_frame/base_08px,Game Boy Advance - Pokemon FireRed _ LeafGreen - Battle Effects - Move Effects(2).png,effect_115,frame_02,274,736,8,8
03_move_effects/frames_safe/base_08px/effect_115_frame_03_8x8.png,move_effect_frame/base_08px,Game Boy Advance - Pokemon FireRed _ LeafGreen - Battle Effects - Move Effects(2).png,effect_115,frame_03,274,744,8,8
03_move_effects/frames_safe/base_08px/effect_115_frame_04_8x8.png,move_effect_frame/base_08px,Game Boy Advance - Pokemon FireRed _ LeafGreen - Battle Effects - Move Effects(2).png,effect_115,frame_04,274,752,8,8
03_move_effects/frames_safe/base_08px/effect_115_frame_05_8x8.png,move_effect_frame/base_08px,Game Boy Advance - Pokemon FireRed _ LeafGreen - Battle Effects - Move Effects(2).png,effect_115,frame_05,274,760,8,8
03_move_effects/frames_safe/base_08px/effect_115_frame_06_8x8.png,move_effect_frame/base_08px,Game Boy Advance - Pokemon FireRed _ LeafGreen - Battle Effects - Move Effects(2).png,effect_115,frame_06,274,768,8,8
03_move_effects/frames_safe/base_08px/effect_115_frame_07_8x8.png,move_effect_frame/base_08px,Game Boy Advance - Pokemon FireRed _ LeafGreen - Battle Effects - Move Effects(2).png,effect_115,frame_07,274,776,8,8
03_move_effects/frames_safe/base_08px/effect_115_frame_08_8x8.png,move_effect_frame/base_08px,Game Boy Advance - Pokemon FireRed _ LeafGreen - Battle Effects - Move Effects(2).png,effect_115,frame_08,274,784,8,8
03_move_effects/frames_safe/base_08px/effect_115_frame_09_8x8.png,move_effect_frame/base_08px,Game Boy Advance - Pokemon FireRed _ LeafGreen - Battle Effects - Move Effects(2).png,effect_115,frame_09,274,792,8,8
03_move_effects/frames_safe/base_08px/effect_115_frame_10_8x8.png,move_effect_frame/base_08px,Game Boy Advance - Pokemon FireRed _ LeafGreen - Battle Effects - Move Effects(2).png,effect_115,frame_10,274,800,8,8
03_move_effects/frames_safe/base_08px/effect_115_frame_11_8x8.png,move_effect_frame/base_08px,Game Boy Advance - Pokemon FireRed _ LeafGreen - Battle Effects - Move Effects(2).png,effect_115,frame_11,274,808,8,8
03_move_effects/frames_safe/base_08px/effect_115_frame_12_8x8.png,move_effect_frame/base_08px,Game Boy Advance - Pokemon FireRed _ LeafGreen - Battle Effects - Move Effects(2).png,effect_115,frame_12,274,816,8,8
03_move_effects/frames_safe/base_08px/effect_115_frame_13_8x8.png,move_effect_frame/base_08px,Game Boy Advance - Pokemon FireRed _ LeafGreen - Battle Effects - Move Effects(2).png,effect_115,frame_13,274,824,8,8
03_move_effects/frames_safe/base_08px/effect_115_frame_14_8x8.png,move_effect_frame/base_08px,Game Boy Advance - Pokemon FireRed _ LeafGreen - Battle Effects - Move Effects(2).png,effect_115,frame_14,274,832,8,8
03_move_effects/frames_safe/base_08px/effect_115_frame_15_8x8.png,move_effect_frame/base_08px,Game Boy Advance - Pokemon FireRed _ LeafGreen - Battle Effects - Move Effects(2).png,effect_115,frame_15,274,840,8,8
03_move_effects/frames_safe/base_08px/effect_115_frame_16_8x8.png,move_effect_frame/base_08px,Game Boy Advance - Pokemon FireRed _ LeafGreen - Battle Effects - Move Effects(2).png,effect_115,frame_16,274,848,8,8
03_move_effects/frames_safe/base_08px/effect_115_frame_17_8x8.png,move_effect_frame/base_08px,Game Boy Advance - Pokemon FireRed _ LeafGreen - Battle Effects - Move Effects(2).png,effect_115,frame_17,274,856,8,8
03_move_effects/frames_safe/base_08px/effect_115_frame_18_8x8.png,move_effect_frame/base_08px,Game Boy Advance - Pokemon FireRed _ LeafGreen - Battle Effects - Move Effects(2).png,effect_115,frame_18,274,864,8,8
03_move_effects/frames_safe/base_08px/effect_115_frame_19_8x8.png,move_effect_frame/base_08px,Game Boy Advance - Pokemon FireRed _ LeafGreen - Battle Effects - Move Effects(2).png,effect_115,frame_19,274,872,8,8
03_move_effects/frames_safe/base_08px/effect_115_frame_20_8x8.png,move_effect_frame/base_08px,Game Boy Advance - Pokemon FireRed _ LeafGreen - Battle Effects - Move Effects(2).png,effect_115,frame_20,274,880,8,8
03_move_effects/frames_safe/base_08px/effect_115_frame_21_8x8.png,move_effect_frame/base_08px,Game Boy Advance - Pokemon FireRed _ LeafGreen - Battle Effects - Move Effects(2).png,effect_115,frame_21,274,888,8,8
03_move_effects/frames_safe/base_08px/effect_115_frame_22_8x8.png,move_effect_frame/base_08px,Game Boy Advance - Pokemon FireRed _ LeafGreen - Battle Effects - Move Effects(2).png,effect_115,frame_22,274,896,8,8
03_move_effects/frames_safe/base_08px/effect_115_frame_23_8x8.png,move_effect_frame/base_08px,Game Boy Advance - Pokemon FireRed _ LeafGreen - Battle Effects - Move Effects(2).png,effect_115,frame_23,274,904,8,8
03_move_effects/frames_safe/base_08px/effect_115_frame_24_8x8.png,move_effect_frame/base_08px,Game Boy Advance - Pokemon FireRed _ LeafGreen - Battle Effects - Move Effects(2).png,effect_115,frame_24,274,912,8,8
03_move_effects/frames_safe/base_08px/effect_115_frame_25_8x8.png,move_effect_frame/base_08px,Game Boy Advance - Pokemon FireRed _ LeafGreen - Battle Effects - Move Effects(2).png,effect_115,frame_25,274,920,8,8
03_move_effects/frames_safe/base_08px/effect_115_frame_26_8x8.png,move_effect_frame/base_08px,Game Boy Advance - Pokemon FireRed _ LeafGreen - Battle Effects - Move Effects(2).png,effect_115,frame_26,274,928,8,8
03_move_effects/frames_safe/base_08px/effect_115_frame_27_8x8.png,move_effect_frame/base_08px,Game Boy Advance - Pokemon FireRed _ LeafGreen - Battle Effects - Move Effects(2).png,effect_115,frame_27,274,936,8,8
03_move_effects/groups/base_32px/effect_116_x150_y733_32x128.png,move_effect_group/base_32px,Game Boy Advance - Pokemon FireRed _ LeafGreen - Battle Effects - Move Effects(2).png,effect_116,,150,733,32,128
03_move_effects/frames_safe/base_32px/effect_116_frame_01_32x32.png,move_effect_frame/base_32px,Game Boy Advance - Pokemon FireRed _ LeafGreen - Battle Effects - Move Effects(2).png,effect_116,frame_01,150,733,32,32
03_move_effects/frames_safe/base_32px/effect_116_frame_02_32x32.png,move_effect_frame/base_32px,Game Boy Advance - Pokemon FireRed _ LeafGreen - Battle Effects - Move Effects(2).png,effect_116,frame_02,150,765,32,32
03_move_effects/frames_safe/base_32px/effect_116_frame_03_32x32.png,move_effect_frame/base_32px,Game Boy Advance - Pokemon FireRed _ LeafGreen - Battle Effects - Move Effects(2).png,effect_116,frame_03,150,797,32,32
03_move_effects/frames_safe/base_32px/effect_116_frame_04_32x32.png,move_effect_frame/base_32px,Game Boy Advance - Pokemon FireRed _ LeafGreen - Battle Effects - Move Effects(2).png,effect_116,frame_04,150,829,32,32
03_move_effects/groups/base_32px/effect_117_x374_y734_32x160.png,move_effect_group/base_32px,Game Boy Advance - Pokemon FireRed _ LeafGreen - Battle Effects - Move Effects(2).png,effect_117,,374,734,32,160
03_move_effects/frames_safe/base_32px/effect_117_frame_01_32x32.png,move_effect_frame/base_32px,Game Boy Advance - Pokemon FireRed _ LeafGreen - Battle Effects - Move Effects(2).png,effect_117,frame_01,374,734,32,32
03_move_effects/frames_safe/base_32px/effect_117_frame_02_32x32.png,move_effect_frame/base_32px,Game Boy Advance - Pokemon FireRed _ LeafGreen - Battle Effects - Move Effects(2).png,effect_117,frame_02,374,766,32,32
03_move_effects/frames_safe/base_32px/effect_117_frame_03_32x32.png,move_effect_frame/base_32px,Game Boy Advance - Pokemon FireRed _ LeafGreen - Battle Effects - Move Effects(2).png,effect_117,frame_03,374,798,32,32
03_move_effects/frames_safe/base_32px/effect_117_frame_04_32x32.png,move_effect_frame/base_32px,Game Boy Advance - Pokemon FireRed _ LeafGreen - Battle Effects - Move Effects(2).png,effect_117,frame_04,374,830,32,32
03_move_effects/frames_safe/base_32px/effect_117_frame_05_32x32.png,move_effect_frame/base_32px,Game Boy Advance - Pokemon FireRed _ LeafGreen - Battle Effects - Move Effects(2).png,effect_117,frame_05,374,862,32,32
03_move_effects/groups/base_64px/effect_118_x1_y735_64x64.png,move_effect_group/base_64px,Game Boy Advance - Pokemon FireRed _ LeafGreen - Battle Effects - Move Effects(2).png,effect_118,,1,735,64,64
03_move_effects/frames_safe/base_64px/effect_118_frame_01_64x64.png,move_effect_frame/base_64px,Game Boy Advance - Pokemon FireRed _ LeafGreen - Battle Effects - Move Effects(2).png,effect_118,frame_01,1,735,64,64
03_move_effects/groups/base_64px/effect_119_x66_y735_64x64.png,move_effect_group/base_64px,Game Boy Advance - Pokemon FireRed _ LeafGreen - Battle Effects - Move Effects(2).png,effect_119,,66,735,64,64
03_move_effects/frames_safe/base_64px/effect_119_frame_01_64x64.png,move_effect_frame/base_64px,Game Boy Advance - Pokemon FireRed _ LeafGreen - Battle Effects - Move Effects(2).png,effect_119,frame_01,66,735,64,64
03_move_effects/groups/base_32px/effect_120_x200_y739_32x128.png,move_effect_group/base_32px,Game Boy Advance - Pokemon FireRed _ LeafGreen - Battle Effects - Move Effects(2).png,effect_120,,200,739,32,128
03_move_effects/frames_safe/base_32px/effect_120_frame_01_32x32.png,move_effect_frame/base_32px,Game Boy Advance - Pokemon FireRed _ LeafGreen - Battle Effects - Move Effects(2).png,effect_120,frame_01,200,739,32,32
03_move_effects/frames_safe/base_32px/effect_120_frame_02_32x32.png,move_effect_frame/base_32px,Game Boy Advance - Pokemon FireRed _ LeafGreen - Battle Effects - Move Effects(2).png,effect_120,frame_02,200,771,32,32
03_move_effects/frames_safe/base_32px/effect_120_frame_03_32x32.png,move_effect_frame/base_32px,Game Boy Advance - Pokemon FireRed _ LeafGreen - Battle Effects - Move Effects(2).png,effect_120,frame_03,200,803,32,32
03_move_effects/frames_safe/base_32px/effect_120_frame_04_32x32.png,move_effect_frame/base_32px,Game Boy Advance - Pokemon FireRed _ LeafGreen - Battle Effects - Move Effects(2).png,effect_120,frame_04,200,835,32,32
03_move_effects/groups/base_32px/effect_121_x241_y739_32x64.png,move_effect_group/base_32px,Game Boy Advance - Pokemon FireRed _ LeafGreen - Battle Effects - Move Effects(2).png,effect_121,,241,739,32,64
03_move_effects/frames_safe/base_32px/effect_121_frame_01_32x32.png,move_effect_frame/base_32px,Game Boy Advance - Pokemon FireRed _ LeafGreen - Battle Effects - Move Effects(2).png,effect_121,frame_01,241,739,32,32
03_move_effects/frames_safe/base_32px/effect_121_frame_02_32x32.png,move_effect_frame/base_32px,Game Boy Advance - Pokemon FireRed _ LeafGreen - Battle Effects - Move Effects(2).png,effect_121,frame_02,241,771,32,32
03_move_effects/groups/base_32px/effect_122_x407_y756_32x48.png,move_effect_group/base_32px,Game Boy Advance - Pokemon FireRed _ LeafGreen - Battle Effects - Move Effects(2).png,effect_122,,407,756,32,48
03_move_effects/frames_safe/base_32px/effect_122_frame_01_32x48.png,move_effect_frame/base_32px,Game Boy Advance - Pokemon FireRed _ LeafGreen - Battle Effects - Move Effects(2).png,effect_122,frame_01,407,756,32,48
03_move_effects/groups/base_16px/effect_123_x357_y759_16x16.png,move_effect_group/base_16px,Game Boy Advance - Pokemon FireRed _ LeafGreen - Battle Effects - Move Effects(2).png,effect_123,,357,759,16,16
03_move_effects/frames_safe/base_16px/effect_123_frame_01_16x16.png,move_effect_frame/base_16px,Game Boy Advance - Pokemon FireRed _ LeafGreen - Battle Effects - Move Effects(2).png,effect_123,frame_01,357,759,16,16
03_move_effects/groups/base_16px/effect_124_x357_y776_16x16.png,move_effect_group/base_16px,Game Boy Advance - Pokemon FireRed _ LeafGreen - Battle Effects - Move Effects(2).png,effect_124,,357,776,16,16
03_move_effects/frames_safe/base_16px/effect_124_frame_01_16x16.png,move_effect_frame/base_16px,Game Boy Advance - Pokemon FireRed _ LeafGreen - Battle Effects - Move Effects(2).png,effect_124,frame_01,357,776,16,16
03_move_effects/groups/base_16px/effect_125_x473_y779_16x16.png,move_effect_group/base_16px,Game Boy Advance - Pokemon FireRed _ LeafGreen - Battle Effects - Move Effects(2).png,effect_125,,473,779,16,16
03_move_effects/frames_safe/base_16px/effect_125_frame_01_16x16.png,move_effect_frame/base_16px,Game Boy Advance - Pokemon FireRed _ LeafGreen - Battle Effects - Move Effects(2).png,effect_125,frame_01,473,779,16,16
03_move_effects/groups/base_32px/effect_126_x440_y781_32x128.png,move_effect_group/base_32px,Game Boy Advance - Pokemon FireRed _ LeafGreen - Battle Effects - Move Effects(2).png,effect_126,,440,781,32,128
03_move_effects/frames_safe/base_32px/effect_126_frame_01_32x32.png,move_effect_frame/base_32px,Game Boy Advance - Pokemon FireRed _ LeafGreen - Battle Effects - Move Effects(2).png,effect_126,frame_01,440,781,32,32
03_move_effects/frames_safe/base_32px/effect_126_frame_02_32x32.png,move_effect_frame/base_32px,Game Boy Advance - Pokemon FireRed _ LeafGreen - Battle Effects - Move Effects(2).png,effect_126,frame_02,440,813,32,32
03_move_effects/frames_safe/base_32px/effect_126_frame_03_32x32.png,move_effect_frame/base_32px,Game Boy Advance - Pokemon FireRed _ LeafGreen - Battle Effects - Move Effects(2).png,effect_126,frame_03,440,845,32,32
03_move_effects/frames_safe/base_32px/effect_126_frame_04_32x32.png,move_effect_frame/base_32px,Game Boy Advance - Pokemon FireRed _ LeafGreen - Battle Effects - Move Effects(2).png,effect_126,frame_04,440,877,32,32
03_move_effects/groups/base_16px/effect_127_x357_y793_16x64.png,move_effect_group/base_16px,Game Boy Advance - Pokemon FireRed _ LeafGreen - Battle Effects - Move Effects(2).png,effect_127,,357,793,16,64
03_move_effects/frames_safe/base_16px/effect_127_frame_01_16x16.png,move_effect_frame/base_16px,Game Boy Advance - Pokemon FireRed _ LeafGreen - Battle Effects - Move Effects(2).png,effect_127,frame_01,357,793,16,16
03_move_effects/frames_safe/base_16px/effect_127_frame_02_16x16.png,move_effect_frame/base_16px,Game Boy Advance - Pokemon FireRed _ LeafGreen - Battle Effects - Move Effects(2).png,effect_127,frame_02,357,809,16,16
03_move_effects/frames_safe/base_16px/effect_127_frame_03_16x16.png,move_effect_frame/base_16px,Game Boy Advance - Pokemon FireRed _ LeafGreen - Battle Effects - Move Effects(2).png,effect_127,frame_03,357,825,16,16
03_move_effects/frames_safe/base_16px/effect_127_frame_04_16x16.png,move_effect_frame/base_16px,Game Boy Advance - Pokemon FireRed _ LeafGreen - Battle Effects - Move Effects(2).png,effect_127,frame_04,357,841,16,16
03_move_effects/groups/base_08px/effect_128_x473_y796_8x128.png,move_effect_group/base_08px,Game Boy Advance - Pokemon FireRed _ LeafGreen - Battle Effects - Move Effects(2).png,effect_128,,473,796,8,128
03_move_effects/frames_safe/base_08px/effect_128_frame_01_8x8.png,move_effect_frame/base_08px,Game Boy Advance - Pokemon FireRed _ LeafGreen - Battle Effects - Move Effects(2).png,effect_128,frame_01,473,796,8,8
03_move_effects/frames_safe/base_08px/effect_128_frame_02_8x8.png,move_effect_frame/base_08px,Game Boy Advance - Pokemon FireRed _ LeafGreen - Battle Effects - Move Effects(2).png,effect_128,frame_02,473,804,8,8
03_move_effects/frames_safe/base_08px/effect_128_frame_03_8x8.png,move_effect_frame/base_08px,Game Boy Advance - Pokemon FireRed _ LeafGreen - Battle Effects - Move Effects(2).png,effect_128,frame_03,473,812,8,8
03_move_effects/frames_safe/base_08px/effect_128_frame_04_8x8.png,move_effect_frame/base_08px,Game Boy Advance - Pokemon FireRed _ LeafGreen - Battle Effects - Move Effects(2).png,effect_128,frame_04,473,820,8,8
03_move_effects/frames_safe/base_08px/effect_128_frame_05_8x8.png,move_effect_frame/base_08px,Game Boy Advance - Pokemon FireRed _ LeafGreen - Battle Effects - Move Effects(2).png,effect_128,frame_05,473,828,8,8
03_move_effects/frames_safe/base_08px/effect_128_frame_06_8x8.png,move_effect_frame/base_08px,Game Boy Advance - Pokemon FireRed _ LeafGreen - Battle Effects - Move Effects(2).png,effect_128,frame_06,473,836,8,8
03_move_effects/frames_safe/base_08px/effect_128_frame_07_8x8.png,move_effect_frame/base_08px,Game Boy Advance - Pokemon FireRed _ LeafGreen - Battle Effects - Move Effects(2).png,effect_128,frame_07,473,844,8,8
03_move_effects/frames_safe/base_08px/effect_128_frame_08_8x8.png,move_effect_frame/base_08px,Game Boy Advance - Pokemon FireRed _ LeafGreen - Battle Effects - Move Effects(2).png,effect_128,frame_08,473,852,8,8
03_move_effects/frames_safe/base_08px/effect_128_frame_09_8x8.png,move_effect_frame/base_08px,Game Boy Advance - Pokemon FireRed _ LeafGreen - Battle Effects - Move Effects(2).png,effect_128,frame_09,473,860,8,8
03_move_effects/frames_safe/base_08px/effect_128_frame_10_8x8.png,move_effect_frame/base_08px,Game Boy Advance - Pokemon FireRed _ LeafGreen - Battle Effects - Move Effects(2).png,effect_128,frame_10,473,868,8,8
03_move_effects/frames_safe/base_08px/effect_128_frame_11_8x8.png,move_effect_frame/base_08px,Game Boy Advance - Pokemon FireRed _ LeafGreen - Battle Effects - Move Effects(2).png,effect_128,frame_11,473,876,8,8
03_move_effects/frames_safe/base_08px/effect_128_frame_12_8x8.png,move_effect_frame/base_08px,Game Boy Advance - Pokemon FireRed _ LeafGreen - Battle Effects - Move Effects(2).png,effect_128,frame_12,473,884,8,8
03_move_effects/frames_safe/base_08px/effect_128_frame_13_8x8.png,move_effect_frame/base_08px,Game Boy Advance - Pokemon FireRed _ LeafGreen - Battle Effects - Move Effects(2).png,effect_128,frame_13,473,892,8,8
03_move_effects/frames_safe/base_08px/effect_128_frame_14_8x8.png,move_effect_frame/base_08px,Game Boy Advance - Pokemon FireRed _ LeafGreen - Battle Effects - Move Effects(2).png,effect_128,frame_14,473,900,8,8
03_move_effects/frames_safe/base_08px/effect_128_frame_15_8x8.png,move_effect_frame/base_08px,Game Boy Advance - Pokemon FireRed _ LeafGreen - Battle Effects - Move Effects(2).png,effect_128,frame_15,473,908,8,8
03_move_effects/frames_safe/base_08px/effect_128_frame_16_8x8.png,move_effect_frame/base_08px,Game Boy Advance - Pokemon FireRed _ LeafGreen - Battle Effects - Move Effects(2).png,effect_128,frame_16,473,916,8,8
03_move_effects/groups/base_08px/effect_129_x482_y796_8x128.png,move_effect_group/base_08px,Game Boy Advance - Pokemon FireRed _ LeafGreen - Battle Effects - Move Effects(2).png,effect_129,,482,796,8,128
03_move_effects/frames_safe/base_08px/effect_129_frame_01_8x8.png,move_effect_frame/base_08px,Game Boy Advance - Pokemon FireRed _ LeafGreen - Battle Effects - Move Effects(2).png,effect_129,frame_01,482,796,8,8
03_move_effects/frames_safe/base_08px/effect_129_frame_02_8x8.png,move_effect_frame/base_08px,Game Boy Advance - Pokemon FireRed _ LeafGreen - Battle Effects - Move Effects(2).png,effect_129,frame_02,482,804,8,8
03_move_effects/frames_safe/base_08px/effect_129_frame_03_8x8.png,move_effect_frame/base_08px,Game Boy Advance - Pokemon FireRed _ LeafGreen - Battle Effects - Move Effects(2).png,effect_129,frame_03,482,812,8,8
03_move_effects/frames_safe/base_08px/effect_129_frame_04_8x8.png,move_effect_frame/base_08px,Game Boy Advance - Pokemon FireRed _ LeafGreen - Battle Effects - Move Effects(2).png,effect_129,frame_04,482,820,8,8
03_move_effects/frames_safe/base_08px/effect_129_frame_05_8x8.png,move_effect_frame/base_08px,Game Boy Advance - Pokemon FireRed _ LeafGreen - Battle Effects - Move Effects(2).png,effect_129,frame_05,482,828,8,8
03_move_effects/frames_safe/base_08px/effect_129_frame_06_8x8.png,move_effect_frame/base_08px,Game Boy Advance - Pokemon FireRed _ LeafGreen - Battle Effects - Move Effects(2).png,effect_129,frame_06,482,836,8,8
03_move_effects/frames_safe/base_08px/effect_129_frame_07_8x8.png,move_effect_frame/base_08px,Game Boy Advance - Pokemon FireRed _ LeafGreen - Battle Effects - Move Effects(2).png,effect_129,frame_07,482,844,8,8
03_move_effects/frames_safe/base_08px/effect_129_frame_08_8x8.png,move_effect_frame/base_08px,Game Boy Advance - Pokemon FireRed _ LeafGreen - Battle Effects - Move Effects(2).png,effect_129,frame_08,482,852,8,8
03_move_effects/frames_safe/base_08px/effect_129_frame_09_8x8.png,move_effect_frame/base_08px,Game Boy Advance - Pokemon FireRed _ LeafGreen - Battle Effects - Move Effects(2).png,effect_129,frame_09,482,860,8,8
03_move_effects/frames_safe/base_08px/effect_129_frame_10_8x8.png,move_effect_frame/base_08px,Game Boy Advance - Pokemon FireRed _ LeafGreen - Battle Effects - Move Effects(2).png,effect_129,frame_10,482,868,8,8
03_move_effects/frames_safe/base_08px/effect_129_frame_11_8x8.png,move_effect_frame/base_08px,Game Boy Advance - Pokemon FireRed _ LeafGreen - Battle Effects - Move Effects(2).png,effect_129,frame_11,482,876,8,8
03_move_effects/frames_safe/base_08px/effect_129_frame_12_8x8.png,move_effect_frame/base_08px,Game Boy Advance - Pokemon FireRed _ LeafGreen - Battle Effects - Move Effects(2).png,effect_129,frame_12,482,884,8,8
03_move_effects/frames_safe/base_08px/effect_129_frame_13_8x8.png,move_effect_frame/base_08px,Game Boy Advance - Pokemon FireRed _ LeafGreen - Battle Effects - Move Effects(2).png,effect_129,frame_13,482,892,8,8
03_move_effects/frames_safe/base_08px/effect_129_frame_14_8x8.png,move_effect_frame/base_08px,Game Boy Advance - Pokemon FireRed _ LeafGreen - Battle Effects - Move Effects(2).png,effect_129,frame_14,482,900,8,8
03_move_effects/frames_safe/base_08px/effect_129_frame_15_8x8.png,move_effect_frame/base_08px,Game Boy Advance - Pokemon FireRed _ LeafGreen - Battle Effects - Move Effects(2).png,effect_129,frame_15,482,908,8,8
03_move_effects/frames_safe/base_08px/effect_129_frame_16_8x8.png,move_effect_frame/base_08px,Game Boy Advance - Pokemon FireRed _ LeafGreen - Battle Effects - Move Effects(2).png,effect_129,frame_16,482,916,8,8
03_move_effects/groups/base_64px/effect_130_x291_y797_64x64.png,move_effect_group/base_64px,Game Boy Advance - Pokemon FireRed _ LeafGreen - Battle Effects - Move Effects(2).png,effect_130,,291,797,64,64
03_move_effects/frames_safe/base_64px/effect_130_frame_01_64x64.png,move_effect_frame/base_64px,Game Boy Advance - Pokemon FireRed _ LeafGreen - Battle Effects - Move Effects(2).png,effect_130,frame_01,291,797,64,64
03_move_effects/groups/base_64px/effect_131_x1_y800_64x64.png,move_effect_group/base_64px,Game Boy Advance - Pokemon FireRed _ LeafGreen - Battle Effects - Move Effects(2).png,effect_131,,1,800,64,64
03_move_effects/frames_safe/base_64px/effect_131_frame_01_64x64.png,move_effect_frame/base_64px,Game Boy Advance - Pokemon FireRed _ LeafGreen - Battle Effects - Move Effects(2).png,effect_131,frame_01,1,800,64,64
03_move_effects/groups/base_64px/effect_132_x66_y800_64x64.png,move_effect_group/base_64px,Game Boy Advance - Pokemon FireRed _ LeafGreen - Battle Effects - Move Effects(2).png,effect_132,,66,800,64,64
03_move_effects/frames_safe/base_64px/effect_132_frame_01_64x64.png,move_effect_frame/base_64px,Game Boy Advance - Pokemon FireRed _ LeafGreen - Battle Effects - Move Effects(2).png,effect_132,frame_01,66,800,64,64
03_move_effects/groups/base_32px/effect_133_x241_y804_32x128.png,move_effect_group/base_32px,Game Boy Advance - Pokemon FireRed _ LeafGreen - Battle Effects - Move Effects(2).png,effect_133,,241,804,32,128
03_move_effects/frames_safe/base_32px/effect_133_frame_01_32x32.png,move_effect_frame/base_32px,Game Boy Advance - Pokemon FireRed _ LeafGreen - Battle Effects - Move Effects(2).png,effect_133,frame_01,241,804,32,32
03_move_effects/frames_safe/base_32px/effect_133_frame_02_32x32.png,move_effect_frame/base_32px,Game Boy Advance - Pokemon FireRed _ LeafGreen - Battle Effects - Move Effects(2).png,effect_133,frame_02,241,836,32,32
03_move_effects/frames_safe/base_32px/effect_133_frame_03_32x32.png,move_effect_frame/base_32px,Game Boy Advance - Pokemon FireRed _ LeafGreen - Battle Effects - Move Effects(2).png,effect_133,frame_03,241,868,32,32
03_move_effects/frames_safe/base_32px/effect_133_frame_04_32x32.png,move_effect_frame/base_32px,Game Boy Advance - Pokemon FireRed _ LeafGreen - Battle Effects - Move Effects(2).png,effect_133,frame_04,241,900,32,32
03_move_effects/groups/base_32px/effect_134_x407_y805_32x96.png,move_effect_group/base_32px,Game Boy Advance - Pokemon FireRed _ LeafGreen - Battle Effects - Move Effects(2).png,effect_134,,407,805,32,96
03_move_effects/frames_safe/base_32px/effect_134_frame_01_32x32.png,move_effect_frame/base_32px,Game Boy Advance - Pokemon FireRed _ LeafGreen - Battle Effects - Move Effects(2).png,effect_134,frame_01,407,805,32,32
03_move_effects/frames_safe/base_32px/effect_134_frame_02_32x32.png,move_effect_frame/base_32px,Game Boy Advance - Pokemon FireRed _ LeafGreen - Battle Effects - Move Effects(2).png,effect_134,frame_02,407,837,32,32
03_move_effects/frames_safe/base_32px/effect_134_frame_03_32x32.png,move_effect_frame/base_32px,Game Boy Advance - Pokemon FireRed _ LeafGreen - Battle Effects - Move Effects(2).png,effect_134,frame_03,407,869,32,32
03_move_effects/groups/base_16px/effect_135_x183_y838_16x64.png,move_effect_group/base_16px,Game Boy Advance - Pokemon FireRed _ LeafGreen - Battle Effects - Move Effects(2).png,effect_135,,183,838,16,64
03_move_effects/frames_safe/base_16px/effect_135_frame_01_16x16.png,move_effect_frame/base_16px,Game Boy Advance - Pokemon FireRed _ LeafGreen - Battle Effects - Move Effects(2).png,effect_135,frame_01,183,838,16,16
03_move_effects/frames_safe/base_16px/effect_135_frame_02_16x16.png,move_effect_frame/base_16px,Game Boy Advance - Pokemon FireRed _ LeafGreen - Battle Effects - Move Effects(2).png,effect_135,frame_02,183,854,16,16
03_move_effects/frames_safe/base_16px/effect_135_frame_03_16x16.png,move_effect_frame/base_16px,Game Boy Advance - Pokemon FireRed _ LeafGreen - Battle Effects - Move Effects(2).png,effect_135,frame_03,183,870,16,16
03_move_effects/frames_safe/base_16px/effect_135_frame_04_16x16.png,move_effect_frame/base_16px,Game Boy Advance - Pokemon FireRed _ LeafGreen - Battle Effects - Move Effects(2).png,effect_135,frame_04,183,886,16,16
03_move_effects/groups/base_16px/effect_136_x357_y858_16x64.png,move_effect_group/base_16px,Game Boy Advance - Pokemon FireRed _ LeafGreen - Battle Effects - Move Effects(2).png,effect_136,,357,858,16,64
03_move_effects/frames_safe/base_16px/effect_136_frame_01_16x16.png,move_effect_frame/base_16px,Game Boy Advance - Pokemon FireRed _ LeafGreen - Battle Effects - Move Effects(2).png,effect_136,frame_01,357,858,16,16
03_move_effects/frames_safe/base_16px/effect_136_frame_02_16x16.png,move_effect_frame/base_16px,Game Boy Advance - Pokemon FireRed _ LeafGreen - Battle Effects - Move Effects(2).png,effect_136,frame_02,357,874,16,16
03_move_effects/frames_safe/base_16px/effect_136_frame_03_16x16.png,move_effect_frame/base_16px,Game Boy Advance - Pokemon FireRed _ LeafGreen - Battle Effects - Move Effects(2).png,effect_136,frame_03,357,890,16,16
03_move_effects/frames_safe/base_16px/effect_136_frame_04_16x16.png,move_effect_frame/base_16px,Game Boy Advance - Pokemon FireRed _ LeafGreen - Battle Effects - Move Effects(2).png,effect_136,frame_04,357,906,16,16
03_move_effects/groups/base_32px/effect_137_x150_y862_32x128.png,move_effect_group/base_32px,Game Boy Advance - Pokemon FireRed _ LeafGreen - Battle Effects - Move Effects(2).png,effect_137,,150,862,32,128
03_move_effects/frames_safe/base_32px/effect_137_frame_01_32x32.png,move_effect_frame/base_32px,Game Boy Advance - Pokemon FireRed _ LeafGreen - Battle Effects - Move Effects(2).png,effect_137,frame_01,150,862,32,32
03_move_effects/frames_safe/base_32px/effect_137_frame_02_32x32.png,move_effect_frame/base_32px,Game Boy Advance - Pokemon FireRed _ LeafGreen - Battle Effects - Move Effects(2).png,effect_137,frame_02,150,894,32,32
03_move_effects/frames_safe/base_32px/effect_137_frame_03_32x32.png,move_effect_frame/base_32px,Game Boy Advance - Pokemon FireRed _ LeafGreen - Battle Effects - Move Effects(2).png,effect_137,frame_03,150,926,32,32
03_move_effects/frames_safe/base_32px/effect_137_frame_04_32x32.png,move_effect_frame/base_32px,Game Boy Advance - Pokemon FireRed _ LeafGreen - Battle Effects - Move Effects(2).png,effect_137,frame_04,150,958,32,32
03_move_effects/groups/base_64px/effect_138_x291_y862_64x64.png,move_effect_group/base_64px,Game Boy Advance - Pokemon FireRed _ LeafGreen - Battle Effects - Move Effects(2).png,effect_138,,291,862,64,64
03_move_effects/frames_safe/base_64px/effect_138_frame_01_64x64.png,move_effect_frame/base_64px,Game Boy Advance - Pokemon FireRed _ LeafGreen - Battle Effects - Move Effects(2).png,effect_138,frame_01,291,862,64,64
03_move_effects/groups/compound_96px_plus/effect_139_x1_y865_128x128.png,move_effect_group/compound_96px_plus,Game Boy Advance - Pokemon FireRed _ LeafGreen - Battle Effects - Move Effects(2).png,effect_139,,1,865,128,128
03_move_effects/frames_safe/compound_96px_plus/effect_139_frame_01_128x128.png,move_effect_frame/compound_96px_plus,Game Boy Advance - Pokemon FireRed _ LeafGreen - Battle Effects - Move Effects(2).png,effect_139,frame_01,1,865,128,128
03_move_effects/groups/base_32px/effect_140_x200_y868_32x64.png,move_effect_group/base_32px,Game Boy Advance - Pokemon FireRed _ LeafGreen - Battle Effects - Move Effects(2).png,effect_140,,200,868,32,64
03_move_effects/frames_safe/base_32px/effect_140_frame_01_32x32.png,move_effect_frame/base_32px,Game Boy Advance - Pokemon FireRed _ LeafGreen - Battle Effects - Move Effects(2).png,effect_140,frame_01,200,868,32,32
03_move_effects/frames_safe/base_32px/effect_140_frame_02_32x32.png,move_effect_frame/base_32px,Game Boy Advance - Pokemon FireRed _ LeafGreen - Battle Effects - Move Effects(2).png,effect_140,frame_02,200,900,32,32
03_move_effects/groups/base_32px/effect_141_x374_y895_32x64.png,move_effect_group/base_32px,Game Boy Advance - Pokemon FireRed _ LeafGreen - Battle Effects - Move Effects(2).png,effect_141,,374,895,32,64
03_move_effects/frames_safe/base_32px/effect_141_frame_01_32x32.png,move_effect_frame/base_32px,Game Boy Advance - Pokemon FireRed _ LeafGreen - Battle Effects - Move Effects(2).png,effect_141,frame_01,374,895,32,32
03_move_effects/frames_safe/base_32px/effect_141_frame_02_32x32.png,move_effect_frame/base_32px,Game Boy Advance - Pokemon FireRed _ LeafGreen - Battle Effects - Move Effects(2).png,effect_141,frame_02,374,927,32,32
03_move_effects/groups/base_08px/effect_142_x407_y902_32x8.png,move_effect_group/base_08px,Game Boy Advance - Pokemon FireRed _ LeafGreen - Battle Effects - Move Effects(2).png,effect_142,,407,902,32,8
03_move_effects/frames_safe/base_08px/effect_142_frame_01_8x8.png,move_effect_frame/base_08px,Game Boy Advance - Pokemon FireRed _ LeafGreen - Battle Effects - Move Effects(2).png,effect_142,frame_01,407,902,8,8
03_move_effects/frames_safe/base_08px/effect_142_frame_02_8x8.png,move_effect_frame/base_08px,Game Boy Advance - Pokemon FireRed _ LeafGreen - Battle Effects - Move Effects(2).png,effect_142,frame_02,415,902,8,8
03_move_effects/frames_safe/base_08px/effect_142_frame_03_8x8.png,move_effect_frame/base_08px,Game Boy Advance - Pokemon FireRed _ LeafGreen - Battle Effects - Move Effects(2).png,effect_142,frame_03,423,902,8,8
03_move_effects/frames_safe/base_08px/effect_142_frame_04_8x8.png,move_effect_frame/base_08px,Game Boy Advance - Pokemon FireRed _ LeafGreen - Battle Effects - Move Effects(2).png,effect_142,frame_04,431,902,8,8
03_move_effects/groups/base_16px/effect_143_x183_y903_16x64.png,move_effect_group/base_16px,Game Boy Advance - Pokemon FireRed _ LeafGreen - Battle Effects - Move Effects(2).png,effect_143,,183,903,16,64
03_move_effects/frames_safe/base_16px/effect_143_frame_01_16x16.png,move_effect_frame/base_16px,Game Boy Advance - Pokemon FireRed _ LeafGreen - Battle Effects - Move Effects(2).png,effect_143,frame_01,183,903,16,16
03_move_effects/frames_safe/base_16px/effect_143_frame_02_16x16.png,move_effect_frame/base_16px,Game Boy Advance - Pokemon FireRed _ LeafGreen - Battle Effects - Move Effects(2).png,effect_143,frame_02,183,919,16,16
03_move_effects/frames_safe/base_16px/effect_143_frame_03_16x16.png,move_effect_frame/base_16px,Game Boy Advance - Pokemon FireRed _ LeafGreen - Battle Effects - Move Effects(2).png,effect_143,frame_03,183,935,16,16
03_move_effects/frames_safe/base_16px/effect_143_frame_04_16x16.png,move_effect_frame/base_16px,Game Boy Advance - Pokemon FireRed _ LeafGreen - Battle Effects - Move Effects(2).png,effect_143,frame_04,183,951,16,16
03_move_effects/groups/base_32px/effect_144_x440_y910_32x64.png,move_effect_group/base_32px,Game Boy Advance - Pokemon FireRed _ LeafGreen - Battle Effects - Move Effects(2).png,effect_144,,440,910,32,64
03_move_effects/frames_safe/base_32px/effect_144_frame_01_32x32.png,move_effect_frame/base_32px,Game Boy Advance - Pokemon FireRed _ LeafGreen - Battle Effects - Move Effects(2).png,effect_144,frame_01,440,910,32,32
03_move_effects/frames_safe/base_32px/effect_144_frame_02_32x32.png,move_effect_frame/base_32px,Game Boy Advance - Pokemon FireRed _ LeafGreen - Battle Effects - Move Effects(2).png,effect_144,frame_02,440,942,32,32
03_move_effects/groups/base_32px/effect_145_x407_y911_32x32.png,move_effect_group/base_32px,Game Boy Advance - Pokemon FireRed _ LeafGreen - Battle Effects - Move Effects(2).png,effect_145,,407,911,32,32
03_move_effects/frames_safe/base_32px/effect_145_frame_01_32x32.png,move_effect_frame/base_32px,Game Boy Advance - Pokemon FireRed _ LeafGreen - Battle Effects - Move Effects(2).png,effect_145,frame_01,407,911,32,32
03_move_effects/groups/base_16px/effect_146_x357_y923_16x64.png,move_effect_group/base_16px,Game Boy Advance - Pokemon FireRed _ LeafGreen - Battle Effects - Move Effects(2).png,effect_146,,357,923,16,64
03_move_effects/frames_safe/base_16px/effect_146_frame_01_16x16.png,move_effect_frame/base_16px,Game Boy Advance - Pokemon FireRed _ LeafGreen - Battle Effects - Move Effects(2).png,effect_146,frame_01,357,923,16,16
03_move_effects/frames_safe/base_16px/effect_146_frame_02_16x16.png,move_effect_frame/base_16px,Game Boy Advance - Pokemon FireRed _ LeafGreen - Battle Effects - Move Effects(2).png,effect_146,frame_02,357,939,16,16
03_move_effects/frames_safe/base_16px/effect_146_frame_03_16x16.png,move_effect_frame/base_16px,Game Boy Advance - Pokemon FireRed _ LeafGreen - Battle Effects - Move Effects(2).png,effect_146,frame_03,357,955,16,16
03_move_effects/frames_safe/base_16px/effect_146_frame_04_16x16.png,move_effect_frame/base_16px,Game Boy Advance - Pokemon FireRed _ LeafGreen - Battle Effects - Move Effects(2).png,effect_146,frame_04,357,971,16,16
03_move_effects/groups/base_08px/effect_147_x473_y925_8x128.png,move_effect_group/base_08px,Game Boy Advance - Pokemon FireRed _ LeafGreen - Battle Effects - Move Effects(2).png,effect_147,,473,925,8,128
03_move_effects/frames_safe/base_08px/effect_147_frame_01_8x8.png,move_effect_frame/base_08px,Game Boy Advance - Pokemon FireRed _ LeafGreen - Battle Effects - Move Effects(2).png,effect_147,frame_01,473,925,8,8
03_move_effects/frames_safe/base_08px/effect_147_frame_02_8x8.png,move_effect_frame/base_08px,Game Boy Advance - Pokemon FireRed _ LeafGreen - Battle Effects - Move Effects(2).png,effect_147,frame_02,473,933,8,8
03_move_effects/frames_safe/base_08px/effect_147_frame_03_8x8.png,move_effect_frame/base_08px,Game Boy Advance - Pokemon FireRed _ LeafGreen - Battle Effects - Move Effects(2).png,effect_147,frame_03,473,941,8,8
03_move_effects/frames_safe/base_08px/effect_147_frame_04_8x8.png,move_effect_frame/base_08px,Game Boy Advance - Pokemon FireRed _ LeafGreen - Battle Effects - Move Effects(2).png,effect_147,frame_04,473,949,8,8
03_move_effects/frames_safe/base_08px/effect_147_frame_05_8x8.png,move_effect_frame/base_08px,Game Boy Advance - Pokemon FireRed _ LeafGreen - Battle Effects - Move Effects(2).png,effect_147,frame_05,473,957,8,8
03_move_effects/frames_safe/base_08px/effect_147_frame_06_8x8.png,move_effect_frame/base_08px,Game Boy Advance - Pokemon FireRed _ LeafGreen - Battle Effects - Move Effects(2).png,effect_147,frame_06,473,965,8,8
03_move_effects/frames_safe/base_08px/effect_147_frame_07_8x8.png,move_effect_frame/base_08px,Game Boy Advance - Pokemon FireRed _ LeafGreen - Battle Effects - Move Effects(2).png,effect_147,frame_07,473,973,8,8
03_move_effects/frames_safe/base_08px/effect_147_frame_08_8x8.png,move_effect_frame/base_08px,Game Boy Advance - Pokemon FireRed _ LeafGreen - Battle Effects - Move Effects(2).png,effect_147,frame_08,473,981,8,8
03_move_effects/frames_safe/base_08px/effect_147_frame_09_8x8.png,move_effect_frame/base_08px,Game Boy Advance - Pokemon FireRed _ LeafGreen - Battle Effects - Move Effects(2).png,effect_147,frame_09,473,989,8,8
03_move_effects/frames_safe/base_08px/effect_147_frame_10_8x8.png,move_effect_frame/base_08px,Game Boy Advance - Pokemon FireRed _ LeafGreen - Battle Effects - Move Effects(2).png,effect_147,frame_10,473,997,8,8
03_move_effects/frames_safe/base_08px/effect_147_frame_11_8x8.png,move_effect_frame/base_08px,Game Boy Advance - Pokemon FireRed _ LeafGreen - Battle Effects - Move Effects(2).png,effect_147,frame_11,473,1005,8,8
03_move_effects/frames_safe/base_08px/effect_147_frame_12_8x8.png,move_effect_frame/base_08px,Game Boy Advance - Pokemon FireRed _ LeafGreen - Battle Effects - Move Effects(2).png,effect_147,frame_12,473,1013,8,8
03_move_effects/frames_safe/base_08px/effect_147_frame_13_8x8.png,move_effect_frame/base_08px,Game Boy Advance - Pokemon FireRed _ LeafGreen - Battle Effects - Move Effects(2).png,effect_147,frame_13,473,1021,8,8
03_move_effects/frames_safe/base_08px/effect_147_frame_14_8x8.png,move_effect_frame/base_08px,Game Boy Advance - Pokemon FireRed _ LeafGreen - Battle Effects - Move Effects(2).png,effect_147,frame_14,473,1029,8,8
03_move_effects/frames_safe/base_08px/effect_147_frame_15_8x8.png,move_effect_frame/base_08px,Game Boy Advance - Pokemon FireRed _ LeafGreen - Battle Effects - Move Effects(2).png,effect_147,frame_15,473,1037,8,8
03_move_effects/frames_safe/base_08px/effect_147_frame_16_8x8.png,move_effect_frame/base_08px,Game Boy Advance - Pokemon FireRed _ LeafGreen - Battle Effects - Move Effects(2).png,effect_147,frame_16,473,1045,8,8
03_move_effects/groups/base_64px/effect_148_x291_y927_64x64.png,move_effect_group/base_64px,Game Boy Advance - Pokemon FireRed _ LeafGreen - Battle Effects - Move Effects(2).png,effect_148,,291,927,64,64
03_move_effects/frames_safe/base_64px/effect_148_frame_01_64x64.png,move_effect_frame/base_64px,Game Boy Advance - Pokemon FireRed _ LeafGreen - Battle Effects - Move Effects(2).png,effect_148,frame_01,291,927,64,64
03_move_effects/groups/base_32px/effect_149_x200_y933_32x32.png,move_effect_group/base_32px,Game Boy Advance - Pokemon FireRed _ LeafGreen - Battle Effects - Move Effects(2).png,effect_149,,200,933,32,32
03_move_effects/frames_safe/base_32px/effect_149_frame_01_32x32.png,move_effect_frame/base_32px,Game Boy Advance - Pokemon FireRed _ LeafGreen - Battle Effects - Move Effects(2).png,effect_149,frame_01,200,933,32,32
03_move_effects/groups/base_32px/effect_150_x241_y933_32x32.png,move_effect_group/base_32px,Game Boy Advance - Pokemon FireRed _ LeafGreen - Battle Effects - Move Effects(2).png,effect_150,,241,933,32,32
03_move_effects/frames_safe/base_32px/effect_150_frame_01_32x32.png,move_effect_frame/base_32px,Game Boy Advance - Pokemon FireRed _ LeafGreen - Battle Effects - Move Effects(2).png,effect_150,frame_01,241,933,32,32
03_move_effects/groups/base_32px/effect_151_x407_y944_32x32.png,move_effect_group/base_32px,Game Boy Advance - Pokemon FireRed _ LeafGreen - Battle Effects - Move Effects(2).png,effect_151,,407,944,32,32
03_move_effects/frames_safe/base_32px/effect_151_frame_01_32x32.png,move_effect_frame/base_32px,Game Boy Advance - Pokemon FireRed _ LeafGreen - Battle Effects - Move Effects(2).png,effect_151,frame_01,407,944,32,32
03_move_effects/groups/base_16px/effect_152_x274_y945_16x48.png,move_effect_group/base_16px,Game Boy Advance - Pokemon FireRed _ LeafGreen - Battle Effects - Move Effects(2).png,effect_152,,274,945,16,48
03_move_effects/frames_safe/base_16px/effect_152_frame_01_16x16.png,move_effect_frame/base_16px,Game Boy Advance - Pokemon FireRed _ LeafGreen - Battle Effects - Move Effects(2).png,effect_152,frame_01,274,945,16,16
03_move_effects/frames_safe/base_16px/effect_152_frame_02_16x16.png,move_effect_frame/base_16px,Game Boy Advance - Pokemon FireRed _ LeafGreen - Battle Effects - Move Effects(2).png,effect_152,frame_02,274,961,16,16
03_move_effects/frames_safe/base_16px/effect_152_frame_03_16x16.png,move_effect_frame/base_16px,Game Boy Advance - Pokemon FireRed _ LeafGreen - Battle Effects - Move Effects(2).png,effect_152,frame_03,274,977,16,16
03_move_effects/groups/base_32px/effect_153_x374_y960_32x32.png,move_effect_group/base_32px,Game Boy Advance - Pokemon FireRed _ LeafGreen - Battle Effects - Move Effects(2).png,effect_153,,374,960,32,32
03_move_effects/frames_safe/base_32px/effect_153_frame_01_32x32.png,move_effect_frame/base_32px,Game Boy Advance - Pokemon FireRed _ LeafGreen - Battle Effects - Move Effects(2).png,effect_153,frame_01,374,960,32,32
03_move_effects/groups/base_32px/effect_154_x200_y966_32x32.png,move_effect_group/base_32px,Game Boy Advance - Pokemon FireRed _ LeafGreen - Battle Effects - Move Effects(2).png,effect_154,,200,966,32,32
03_move_effects/frames_safe/base_32px/effect_154_frame_01_32x32.png,move_effect_frame/base_32px,Game Boy Advance - Pokemon FireRed _ LeafGreen - Battle Effects - Move Effects(2).png,effect_154,frame_01,200,966,32,32
03_move_effects/groups/base_32px/effect_155_x241_y966_32x32.png,move_effect_group/base_32px,Game Boy Advance - Pokemon FireRed _ LeafGreen - Battle Effects - Move Effects(2).png,effect_155,,241,966,32,32
03_move_effects/frames_safe/base_32px/effect_155_frame_01_32x32.png,move_effect_frame/base_32px,Game Boy Advance - Pokemon FireRed _ LeafGreen - Battle Effects - Move Effects(2).png,effect_155,frame_01,241,966,32,32
03_move_effects/groups/base_16px/effect_156_x183_y968_16x48.png,move_effect_group/base_16px,Game Boy Advance - Pokemon FireRed _ LeafGreen - Battle Effects - Move Effects(2).png,effect_156,,183,968,16,48
03_move_effects/frames_safe/base_16px/effect_156_frame_01_16x16.png,move_effect_frame/base_16px,Game Boy Advance - Pokemon FireRed _ LeafGreen - Battle Effects - Move Effects(2).png,effect_156,frame_01,183,968,16,16
03_move_effects/frames_safe/base_16px/effect_156_frame_02_16x16.png,move_effect_frame/base_16px,Game Boy Advance - Pokemon FireRed _ LeafGreen - Battle Effects - Move Effects(2).png,effect_156,frame_02,183,984,16,16
03_move_effects/frames_safe/base_16px/effect_156_frame_03_16x16.png,move_effect_frame/base_16px,Game Boy Advance - Pokemon FireRed _ LeafGreen - Battle Effects - Move Effects(2).png,effect_156,frame_03,183,1000,16,16
03_move_effects/groups/base_32px/effect_157_x440_y975_32x32.png,move_effect_group/base_32px,Game Boy Advance - Pokemon FireRed _ LeafGreen - Battle Effects - Move Effects(2).png,effect_157,,440,975,32,32
03_move_effects/frames_safe/base_32px/effect_157_frame_01_32x32.png,move_effect_frame/base_32px,Game Boy Advance - Pokemon FireRed _ LeafGreen - Battle Effects - Move Effects(2).png,effect_157,frame_01,440,975,32,32
03_move_effects/groups/base_32px/effect_158_x407_y977_32x32.png,move_effect_group/base_32px,Game Boy Advance - Pokemon FireRed _ LeafGreen - Battle Effects - Move Effects(2).png,effect_158,,407,977,32,32
03_move_effects/frames_safe/base_32px/effect_158_frame_01_32x32.png,move_effect_frame/base_32px,Game Boy Advance - Pokemon FireRed _ LeafGreen - Battle Effects - Move Effects(2).png,effect_158,frame_01,407,977,32,32
03_move_effects/groups/base_16px/effect_159_x357_y988_16x48.png,move_effect_group/base_16px,Game Boy Advance - Pokemon FireRed _ LeafGreen - Battle Effects - Move Effects(2).png,effect_159,,357,988,16,48
03_move_effects/frames_safe/base_16px/effect_159_frame_01_16x16.png,move_effect_frame/base_16px,Game Boy Advance - Pokemon FireRed _ LeafGreen - Battle Effects - Move Effects(2).png,effect_159,frame_01,357,988,16,16
03_move_effects/frames_safe/base_16px/effect_159_frame_02_16x16.png,move_effect_frame/base_16px,Game Boy Advance - Pokemon FireRed _ LeafGreen - Battle Effects - Move Effects(2).png,effect_159,frame_02,357,1004,16,16
03_move_effects/frames_safe/base_16px/effect_159_frame_03_16x16.png,move_effect_frame/base_16px,Game Boy Advance - Pokemon FireRed _ LeafGreen - Battle Effects - Move Effects(2).png,effect_159,frame_03,357,1020,16,16
03_move_effects/groups/base_32px/effect_160_x150_y991_32x32.png,move_effect_group/base_32px,Game Boy Advance - Pokemon FireRed _ LeafGreen - Battle Effects - Move Effects(2).png,effect_160,,150,991,32,32
03_move_effects/frames_safe/base_32px/effect_160_frame_01_32x32.png,move_effect_frame/base_32px,Game Boy Advance - Pokemon FireRed _ LeafGreen - Battle Effects - Move Effects(2).png,effect_160,frame_01,150,991,32,32
03_move_effects/groups/base_64px/effect_161_x291_y992_64x64.png,move_effect_group/base_64px,Game Boy Advance - Pokemon FireRed _ LeafGreen - Battle Effects - Move Effects(2).png,effect_161,,291,992,64,64
03_move_effects/frames_safe/base_64px/effect_161_frame_01_64x64.png,move_effect_frame/base_64px,Game Boy Advance - Pokemon FireRed _ LeafGreen - Battle Effects - Move Effects(2).png,effect_161,frame_01,291,992,64,64
03_move_effects/groups/base_32px/effect_162_x374_y993_32x32.png,move_effect_group/base_32px,Game Boy Advance - Pokemon FireRed _ LeafGreen - Battle Effects - Move Effects(2).png,effect_162,,374,993,32,32
03_move_effects/frames_safe/base_32px/effect_162_frame_01_32x32.png,move_effect_frame/base_32px,Game Boy Advance - Pokemon FireRed _ LeafGreen - Battle Effects - Move Effects(2).png,effect_162,frame_01,374,993,32,32
03_move_effects/groups/base_64px/effect_163_x1_y994_96x40.png,move_effect_group/base_64px,Game Boy Advance - Pokemon FireRed _ LeafGreen - Battle Effects - Move Effects(2).png,effect_163,,1,994,96,40
03_move_effects/frames_safe/base_64px/effect_163_frame_01_96x40.png,move_effect_frame/base_64px,Game Boy Advance - Pokemon FireRed _ LeafGreen - Battle Effects - Move Effects(2).png,effect_163,frame_01,1,994,96,40
03_move_effects/groups/base_16px/effect_164_x274_y994_16x144.png,move_effect_group/base_16px,Game Boy Advance - Pokemon FireRed _ LeafGreen - Battle Effects - Move Effects(2).png,effect_164,,274,994,16,144
03_move_effects/frames_safe/base_16px/effect_164_frame_01_16x16.png,move_effect_frame/base_16px,Game Boy Advance - Pokemon FireRed _ LeafGreen - Battle Effects - Move Effects(2).png,effect_164,frame_01,274,994,16,16
03_move_effects/frames_safe/base_16px/effect_164_frame_02_16x16.png,move_effect_frame/base_16px,Game Boy Advance - Pokemon FireRed _ LeafGreen - Battle Effects - Move Effects(2).png,effect_164,frame_02,274,1010,16,16
03_move_effects/frames_safe/base_16px/effect_164_frame_03_16x16.png,move_effect_frame/base_16px,Game Boy Advance - Pokemon FireRed _ LeafGreen - Battle Effects - Move Effects(2).png,effect_164,frame_03,274,1026,16,16
03_move_effects/frames_safe/base_16px/effect_164_frame_04_16x16.png,move_effect_frame/base_16px,Game Boy Advance - Pokemon FireRed _ LeafGreen - Battle Effects - Move Effects(2).png,effect_164,frame_04,274,1042,16,16
03_move_effects/frames_safe/base_16px/effect_164_frame_05_16x16.png,move_effect_frame/base_16px,Game Boy Advance - Pokemon FireRed _ LeafGreen - Battle Effects - Move Effects(2).png,effect_164,frame_05,274,1058,16,16
03_move_effects/frames_safe/base_16px/effect_164_frame_06_16x16.png,move_effect_frame/base_16px,Game Boy Advance - Pokemon FireRed _ LeafGreen - Battle Effects - Move Effects(2).png,effect_164,frame_06,274,1074,16,16
03_move_effects/frames_safe/base_16px/effect_164_frame_07_16x16.png,move_effect_frame/base_16px,Game Boy Advance - Pokemon FireRed _ LeafGreen - Battle Effects - Move Effects(2).png,effect_164,frame_07,274,1090,16,16
03_move_effects/frames_safe/base_16px/effect_164_frame_08_16x16.png,move_effect_frame/base_16px,Game Boy Advance - Pokemon FireRed _ LeafGreen - Battle Effects - Move Effects(2).png,effect_164,frame_08,274,1106,16,16
03_move_effects/frames_safe/base_16px/effect_164_frame_09_16x16.png,move_effect_frame/base_16px,Game Boy Advance - Pokemon FireRed _ LeafGreen - Battle Effects - Move Effects(2).png,effect_164,frame_09,274,1122,16,16
03_move_effects/groups/base_32px/effect_165_x200_y999_32x32.png,move_effect_group/base_32px,Game Boy Advance - Pokemon FireRed _ LeafGreen - Battle Effects - Move Effects(2).png,effect_165,,200,999,32,32
03_move_effects/frames_safe/base_32px/effect_165_frame_01_32x32.png,move_effect_frame/base_32px,Game Boy Advance - Pokemon FireRed _ LeafGreen - Battle Effects - Move Effects(2).png,effect_165,frame_01,200,999,32,32
03_move_effects/groups/base_32px/effect_166_x241_y999_32x32.png,move_effect_group/base_32px,Game Boy Advance - Pokemon FireRed _ LeafGreen - Battle Effects - Move Effects(2).png,effect_166,,241,999,32,32
03_move_effects/frames_safe/base_32px/effect_166_frame_01_32x32.png,move_effect_frame/base_32px,Game Boy Advance - Pokemon FireRed _ LeafGreen - Battle Effects - Move Effects(2).png,effect_166,frame_01,241,999,32,32
03_move_effects/groups/base_32px/effect_167_x440_y1008_32x32.png,move_effect_group/base_32px,Game Boy Advance - Pokemon FireRed _ LeafGreen - Battle Effects - Move Effects(2).png,effect_167,,440,1008,32,32
03_move_effects/frames_safe/base_32px/effect_167_frame_01_32x32.png,move_effect_frame/base_32px,Game Boy Advance - Pokemon FireRed _ LeafGreen - Battle Effects - Move Effects(2).png,effect_167,frame_01,440,1008,32,32
03_move_effects/groups/base_32px/effect_168_x407_y1010_32x32.png,move_effect_group/base_32px,Game Boy Advance - Pokemon FireRed _ LeafGreen - Battle Effects - Move Effects(2).png,effect_168,,407,1010,32,32
03_move_effects/frames_safe/base_32px/effect_168_frame_01_32x32.png,move_effect_frame/base_32px,Game Boy Advance - Pokemon FireRed _ LeafGreen - Battle Effects - Move Effects(2).png,effect_168,frame_01,407,1010,32,32
03_move_effects/groups/base_16px/effect_169_x183_y1017_16x32.png,move_effect_group/base_16px,Game Boy Advance - Pokemon FireRed _ LeafGreen - Battle Effects - Move Effects(2).png,effect_169,,183,1017,16,32
03_move_effects/frames_safe/base_16px/effect_169_frame_01_16x16.png,move_effect_frame/base_16px,Game Boy Advance - Pokemon FireRed _ LeafGreen - Battle Effects - Move Effects(2).png,effect_169,frame_01,183,1017,16,16
03_move_effects/frames_safe/base_16px/effect_169_frame_02_16x16.png,move_effect_frame/base_16px,Game Boy Advance - Pokemon FireRed _ LeafGreen - Battle Effects - Move Effects(2).png,effect_169,frame_02,183,1033,16,16
03_move_effects/groups/base_32px/effect_170_x150_y1024_32x32.png,move_effect_group/base_32px,Game Boy Advance - Pokemon FireRed _ LeafGreen - Battle Effects - Move Effects(2).png,effect_170,,150,1024,32,32
03_move_effects/frames_safe/base_32px/effect_170_frame_01_32x32.png,move_effect_frame/base_32px,Game Boy Advance - Pokemon FireRed _ LeafGreen - Battle Effects - Move Effects(2).png,effect_170,frame_01,150,1024,32,32
03_move_effects/groups/base_32px/effect_171_x374_y1026_32x32.png,move_effect_group/base_32px,Game Boy Advance - Pokemon FireRed _ LeafGreen - Battle Effects - Move Effects(2).png,effect_171,,374,1026,32,32
03_move_effects/frames_safe/base_32px/effect_171_frame_01_32x32.png,move_effect_frame/base_32px,Game Boy Advance - Pokemon FireRed _ LeafGreen - Battle Effects - Move Effects(2).png,effect_171,frame_01,374,1026,32,32
03_move_effects/groups/base_32px/effect_172_x200_y1032_32x32.png,move_effect_group/base_32px,Game Boy Advance - Pokemon FireRed _ LeafGreen - Battle Effects - Move Effects(2).png,effect_172,,200,1032,32,32
03_move_effects/frames_safe/base_32px/effect_172_frame_01_32x32.png,move_effect_frame/base_32px,Game Boy Advance - Pokemon FireRed _ LeafGreen - Battle Effects - Move Effects(2).png,effect_172,frame_01,200,1032,32,32
03_move_effects/groups/base_32px/effect_173_x241_y1032_32x32.png,move_effect_group/base_32px,Game Boy Advance - Pokemon FireRed _ LeafGreen - Battle Effects - Move Effects(2).png,effect_173,,241,1032,32,32
03_move_effects/frames_safe/base_32px/effect_173_frame_01_32x32.png,move_effect_frame/base_32px,Game Boy Advance - Pokemon FireRed _ LeafGreen - Battle Effects - Move Effects(2).png,effect_173,frame_01,241,1032,32,32
03_move_effects/groups/compound_96px_plus/effect_174_x1_y1035_128x128.png,move_effect_group/compound_96px_plus,Game Boy Advance - Pokemon FireRed _ LeafGreen - Battle Effects - Move Effects(2).png,effect_174,,1,1035,128,128
03_move_effects/frames_safe/compound_96px_plus/effect_174_frame_01_128x128.png,move_effect_frame/compound_96px_plus,Game Boy Advance - Pokemon FireRed _ LeafGreen - Battle Effects - Move Effects(2).png,effect_174,frame_01,1,1035,128,128
03_move_effects/groups/base_16px/effect_175_x357_y1037_16x96.png,move_effect_group/base_16px,Game Boy Advance - Pokemon FireRed _ LeafGreen - Battle Effects - Move Effects(2).png,effect_175,,357,1037,16,96
03_move_effects/frames_safe/base_16px/effect_175_frame_01_16x16.png,move_effect_frame/base_16px,Game Boy Advance - Pokemon FireRed _ LeafGreen - Battle Effects - Move Effects(2).png,effect_175,frame_01,357,1037,16,16
03_move_effects/frames_safe/base_16px/effect_175_frame_02_16x16.png,move_effect_frame/base_16px,Game Boy Advance - Pokemon FireRed _ LeafGreen - Battle Effects - Move Effects(2).png,effect_175,frame_02,357,1053,16,16
03_move_effects/frames_safe/base_16px/effect_175_frame_03_16x16.png,move_effect_frame/base_16px,Game Boy Advance - Pokemon FireRed _ LeafGreen - Battle Effects - Move Effects(2).png,effect_175,frame_03,357,1069,16,16
03_move_effects/frames_safe/base_16px/effect_175_frame_04_16x16.png,move_effect_frame/base_16px,Game Boy Advance - Pokemon FireRed _ LeafGreen - Battle Effects - Move Effects(2).png,effect_175,frame_04,357,1085,16,16
03_move_effects/frames_safe/base_16px/effect_175_frame_05_16x16.png,move_effect_frame/base_16px,Game Boy Advance - Pokemon FireRed _ LeafGreen - Battle Effects - Move Effects(2).png,effect_175,frame_05,357,1101,16,16
03_move_effects/frames_safe/base_16px/effect_175_frame_06_16x16.png,move_effect_frame/base_16px,Game Boy Advance - Pokemon FireRed _ LeafGreen - Battle Effects - Move Effects(2).png,effect_175,frame_06,357,1117,16,16
03_move_effects/groups/base_32px/effect_176_x440_y1041_32x32.png,move_effect_group/base_32px,Game Boy Advance - Pokemon FireRed _ LeafGreen - Battle Effects - Move Effects(2).png,effect_176,,440,1041,32,32
03_move_effects/frames_safe/base_32px/effect_176_frame_01_32x32.png,move_effect_frame/base_32px,Game Boy Advance - Pokemon FireRed _ LeafGreen - Battle Effects - Move Effects(2).png,effect_176,frame_01,440,1041,32,32
03_move_effects/groups/base_32px/effect_177_x407_y1043_32x32.png,move_effect_group/base_32px,Game Boy Advance - Pokemon FireRed _ LeafGreen - Battle Effects - Move Effects(2).png,effect_177,,407,1043,32,32
03_move_effects/frames_safe/base_32px/effect_177_frame_01_32x32.png,move_effect_frame/base_32px,Game Boy Advance - Pokemon FireRed _ LeafGreen - Battle Effects - Move Effects(2).png,effect_177,frame_01,407,1043,32,32
03_move_effects/groups/base_16px/effect_178_x183_y1050_16x48.png,move_effect_group/base_16px,Game Boy Advance - Pokemon FireRed _ LeafGreen - Battle Effects - Move Effects(2).png,effect_178,,183,1050,16,48
03_move_effects/frames_safe/base_16px/effect_178_frame_01_16x16.png,move_effect_frame/base_16px,Game Boy Advance - Pokemon FireRed _ LeafGreen - Battle Effects - Move Effects(2).png,effect_178,frame_01,183,1050,16,16
03_move_effects/frames_safe/base_16px/effect_178_frame_02_16x16.png,move_effect_frame/base_16px,Game Boy Advance - Pokemon FireRed _ LeafGreen - Battle Effects - Move Effects(2).png,effect_178,frame_02,183,1066,16,16
03_move_effects/frames_safe/base_16px/effect_178_frame_03_16x16.png,move_effect_frame/base_16px,Game Boy Advance - Pokemon FireRed _ LeafGreen - Battle Effects - Move Effects(2).png,effect_178,frame_03,183,1082,16,16
03_move_effects/groups/base_16px/effect_179_x473_y1054_16x80.png,move_effect_group/base_16px,Game Boy Advance - Pokemon FireRed _ LeafGreen - Battle Effects - Move Effects(2).png,effect_179,,473,1054,16,80
03_move_effects/frames_safe/base_16px/effect_179_frame_01_16x16.png,move_effect_frame/base_16px,Game Boy Advance - Pokemon FireRed _ LeafGreen - Battle Effects - Move Effects(2).png,effect_179,frame_01,473,1054,16,16
03_move_effects/frames_safe/base_16px/effect_179_frame_02_16x16.png,move_effect_frame/base_16px,Game Boy Advance - Pokemon FireRed _ LeafGreen - Battle Effects - Move Effects(2).png,effect_179,frame_02,473,1070,16,16
03_move_effects/frames_safe/base_16px/effect_179_frame_03_16x16.png,move_effect_frame/base_16px,Game Boy Advance - Pokemon FireRed _ LeafGreen - Battle Effects - Move Effects(2).png,effect_179,frame_03,473,1086,16,16
03_move_effects/frames_safe/base_16px/effect_179_frame_04_16x16.png,move_effect_frame/base_16px,Game Boy Advance - Pokemon FireRed _ LeafGreen - Battle Effects - Move Effects(2).png,effect_179,frame_04,473,1102,16,16
03_move_effects/frames_safe/base_16px/effect_179_frame_05_16x16.png,move_effect_frame/base_16px,Game Boy Advance - Pokemon FireRed _ LeafGreen - Battle Effects - Move Effects(2).png,effect_179,frame_05,473,1118,16,16
03_move_effects/groups/base_32px/effect_180_x150_y1057_32x32.png,move_effect_group/base_32px,Game Boy Advance - Pokemon FireRed _ LeafGreen - Battle Effects - Move Effects(2).png,effect_180,,150,1057,32,32
03_move_effects/frames_safe/base_32px/effect_180_frame_01_32x32.png,move_effect_frame/base_32px,Game Boy Advance - Pokemon FireRed _ LeafGreen - Battle Effects - Move Effects(2).png,effect_180,frame_01,150,1057,32,32
03_move_effects/groups/base_64px/effect_181_x291_y1057_64x64.png,move_effect_group/base_64px,Game Boy Advance - Pokemon FireRed _ LeafGreen - Battle Effects - Move Effects(2).png,effect_181,,291,1057,64,64
03_move_effects/frames_safe/base_64px/effect_181_frame_01_64x64.png,move_effect_frame/base_64px,Game Boy Advance - Pokemon FireRed _ LeafGreen - Battle Effects - Move Effects(2).png,effect_181,frame_01,291,1057,64,64
03_move_effects/groups/base_32px/effect_182_x374_y1059_32x32.png,move_effect_group/base_32px,Game Boy Advance - Pokemon FireRed _ LeafGreen - Battle Effects - Move Effects(2).png,effect_182,,374,1059,32,32
03_move_effects/frames_safe/base_32px/effect_182_frame_01_32x32.png,move_effect_frame/base_32px,Game Boy Advance - Pokemon FireRed _ LeafGreen - Battle Effects - Move Effects(2).png,effect_182,frame_01,374,1059,32,32
03_move_effects/groups/base_32px/effect_183_x200_y1065_32x32.png,move_effect_group/base_32px,Game Boy Advance - Pokemon FireRed _ LeafGreen - Battle Effects - Move Effects(2).png,effect_183,,200,1065,32,32
03_move_effects/frames_safe/base_32px/effect_183_frame_01_32x32.png,move_effect_frame/base_32px,Game Boy Advance - Pokemon FireRed _ LeafGreen - Battle Effects - Move Effects(2).png,effect_183,frame_01,200,1065,32,32
03_move_effects/groups/base_32px/effect_184_x241_y1065_32x32.png,move_effect_group/base_32px,Game Boy Advance - Pokemon FireRed _ LeafGreen - Battle Effects - Move Effects(2).png,effect_184,,241,1065,32,32
03_move_effects/frames_safe/base_32px/effect_184_frame_01_32x32.png,move_effect_frame/base_32px,Game Boy Advance - Pokemon FireRed _ LeafGreen - Battle Effects - Move Effects(2).png,effect_184,frame_01,241,1065,32,32
03_move_effects/groups/base_32px/effect_185_x440_y1074_32x32.png,move_effect_group/base_32px,Game Boy Advance - Pokemon FireRed _ LeafGreen - Battle Effects - Move Effects(2).png,effect_185,,440,1074,32,32
03_move_effects/frames_safe/base_32px/effect_185_frame_01_32x32.png,move_effect_frame/base_32px,Game Boy Advance - Pokemon FireRed _ LeafGreen - Battle Effects - Move Effects(2).png,effect_185,frame_01,440,1074,32,32
03_move_effects/groups/base_32px/effect_186_x407_y1076_32x32.png,move_effect_group/base_32px,Game Boy Advance - Pokemon FireRed _ LeafGreen - Battle Effects - Move Effects(2).png,effect_186,,407,1076,32,32
03_move_effects/frames_safe/base_32px/effect_186_frame_01_32x32.png,move_effect_frame/base_32px,Game Boy Advance - Pokemon FireRed _ LeafGreen - Battle Effects - Move Effects(2).png,effect_186,frame_01,407,1076,32,32
03_move_effects/groups/base_32px/effect_187_x150_y1090_32x32.png,move_effect_group/base_32px,Game Boy Advance - Pokemon FireRed _ LeafGreen - Battle Effects - Move Effects(2).png,effect_187,,150,1090,32,32
03_move_effects/frames_safe/base_32px/effect_187_frame_01_32x32.png,move_effect_frame/base_32px,Game Boy Advance - Pokemon FireRed _ LeafGreen - Battle Effects - Move Effects(2).png,effect_187,frame_01,150,1090,32,32
03_move_effects/groups/base_32px/effect_188_x374_y1092_32x32.png,move_effect_group/base_32px,Game Boy Advance - Pokemon FireRed _ LeafGreen - Battle Effects - Move Effects(2).png,effect_188,,374,1092,32,32
03_move_effects/frames_safe/base_32px/effect_188_frame_01_32x32.png,move_effect_frame/base_32px,Game Boy Advance - Pokemon FireRed _ LeafGreen - Battle Effects - Move Effects(2).png,effect_188,frame_01,374,1092,32,32
03_move_effects/groups/base_32px/effect_189_x200_y1098_32x32.png,move_effect_group/base_32px,Game Boy Advance - Pokemon FireRed _ LeafGreen - Battle Effects - Move Effects(2).png,effect_189,,200,1098,32,32
03_move_effects/frames_safe/base_32px/effect_189_frame_01_32x32.png,move_effect_frame/base_32px,Game Boy Advance - Pokemon FireRed _ LeafGreen - Battle Effects - Move Effects(2).png,effect_189,frame_01,200,1098,32,32
03_move_effects/groups/base_32px/effect_190_x241_y1098_32x32.png,move_effect_group/base_32px,Game Boy Advance - Pokemon FireRed _ LeafGreen - Battle Effects - Move Effects(2).png,effect_190,,241,1098,32,32
03_move_effects/frames_safe/base_32px/effect_190_frame_01_32x32.png,move_effect_frame/base_32px,Game Boy Advance - Pokemon FireRed _ LeafGreen - Battle Effects - Move Effects(2).png,effect_190,frame_01,241,1098,32,32
03_move_effects/groups/base_16px/effect_191_x183_y1099_16x48.png,move_effect_group/base_16px,Game Boy Advance - Pokemon FireRed _ LeafGreen - Battle Effects - Move Effects(2).png,effect_191,,183,1099,16,48
03_move_effects/frames_safe/base_16px/effect_191_frame_01_16x16.png,move_effect_frame/base_16px,Game Boy Advance - Pokemon FireRed _ LeafGreen - Battle Effects - Move Effects(2).png,effect_191,frame_01,183,1099,16,16
03_move_effects/frames_safe/base_16px/effect_191_frame_02_16x16.png,move_effect_frame/base_16px,Game Boy Advance - Pokemon FireRed _ LeafGreen - Battle Effects - Move Effects(2).png,effect_191,frame_02,183,1115,16,16
03_move_effects/frames_safe/base_16px/effect_191_frame_03_16x16.png,move_effect_frame/base_16px,Game Boy Advance - Pokemon FireRed _ LeafGreen - Battle Effects - Move Effects(2).png,effect_191,frame_03,183,1131,16,16
03_move_effects/groups/base_32px/effect_192_x440_y1107_32x32.png,move_effect_group/base_32px,Game Boy Advance - Pokemon FireRed _ LeafGreen - Battle Effects - Move Effects(2).png,effect_192,,440,1107,32,32
03_move_effects/frames_safe/base_32px/effect_192_frame_01_32x32.png,move_effect_frame/base_32px,Game Boy Advance - Pokemon FireRed _ LeafGreen - Battle Effects - Move Effects(2).png,effect_192,frame_01,440,1107,32,32
03_move_effects/groups/base_32px/effect_193_x407_y1109_32x32.png,move_effect_group/base_32px,Game Boy Advance - Pokemon FireRed _ LeafGreen - Battle Effects - Move Effects(2).png,effect_193,,407,1109,32,32
03_move_effects/frames_safe/base_32px/effect_193_frame_01_32x32.png,move_effect_frame/base_32px,Game Boy Advance - Pokemon FireRed _ LeafGreen - Battle Effects - Move Effects(2).png,effect_193,frame_01,407,1109,32,32
03_move_effects/groups/base_32px/effect_194_x291_y1122_64x32.png,move_effect_group/base_32px,Game Boy Advance - Pokemon FireRed _ LeafGreen - Battle Effects - Move Effects(2).png,effect_194,,291,1122,64,32
03_move_effects/frames_safe/base_32px/effect_194_frame_01_32x32.png,move_effect_frame/base_32px,Game Boy Advance - Pokemon FireRed _ LeafGreen - Battle Effects - Move Effects(2).png,effect_194,frame_01,291,1122,32,32
03_move_effects/frames_safe/base_32px/effect_194_frame_02_32x32.png,move_effect_frame/base_32px,Game Boy Advance - Pokemon FireRed _ LeafGreen - Battle Effects - Move Effects(2).png,effect_194,frame_02,323,1122,32,32
03_move_effects/groups/base_32px/effect_195_x150_y1123_32x160.png,move_effect_group/base_32px,Game Boy Advance - Pokemon FireRed _ LeafGreen - Battle Effects - Move Effects(2).png,effect_195,,150,1123,32,160
03_move_effects/frames_safe/base_32px/effect_195_frame_01_32x32.png,move_effect_frame/base_32px,Game Boy Advance - Pokemon FireRed _ LeafGreen - Battle Effects - Move Effects(2).png,effect_195,frame_01,150,1123,32,32
03_move_effects/frames_safe/base_32px/effect_195_frame_02_32x32.png,move_effect_frame/base_32px,Game Boy Advance - Pokemon FireRed _ LeafGreen - Battle Effects - Move Effects(2).png,effect_195,frame_02,150,1155,32,32
03_move_effects/frames_safe/base_32px/effect_195_frame_03_32x32.png,move_effect_frame/base_32px,Game Boy Advance - Pokemon FireRed _ LeafGreen - Battle Effects - Move Effects(2).png,effect_195,frame_03,150,1187,32,32
03_move_effects/frames_safe/base_32px/effect_195_frame_04_32x32.png,move_effect_frame/base_32px,Game Boy Advance - Pokemon FireRed _ LeafGreen - Battle Effects - Move Effects(2).png,effect_195,frame_04,150,1219,32,32
03_move_effects/frames_safe/base_32px/effect_195_frame_05_32x32.png,move_effect_frame/base_32px,Game Boy Advance - Pokemon FireRed _ LeafGreen - Battle Effects - Move Effects(2).png,effect_195,frame_05,150,1251,32,32
03_move_effects/groups/base_32px/effect_196_x374_y1125_32x32.png,move_effect_group/base_32px,Game Boy Advance - Pokemon FireRed _ LeafGreen - Battle Effects - Move Effects(2).png,effect_196,,374,1125,32,32
03_move_effects/frames_safe/base_32px/effect_196_frame_01_32x32.png,move_effect_frame/base_32px,Game Boy Advance - Pokemon FireRed _ LeafGreen - Battle Effects - Move Effects(2).png,effect_196,frame_01,374,1125,32,32
03_move_effects/groups/base_32px/effect_197_x200_y1131_32x32.png,move_effect_group/base_32px,Game Boy Advance - Pokemon FireRed _ LeafGreen - Battle Effects - Move Effects(2).png,effect_197,,200,1131,32,32
03_move_effects/frames_safe/base_32px/effect_197_frame_01_32x32.png,move_effect_frame/base_32px,Game Boy Advance - Pokemon FireRed _ LeafGreen - Battle Effects - Move Effects(2).png,effect_197,frame_01,200,1131,32,32
03_move_effects/groups/base_32px/effect_198_x241_y1131_32x32.png,move_effect_group/base_32px,Game Boy Advance - Pokemon FireRed _ LeafGreen - Battle Effects - Move Effects(2).png,effect_198,,241,1131,32,32
03_move_effects/frames_safe/base_32px/effect_198_frame_01_32x32.png,move_effect_frame/base_32px,Game Boy Advance - Pokemon FireRed _ LeafGreen - Battle Effects - Move Effects(2).png,effect_198,frame_01,241,1131,32,32
03_move_effects/groups/base_32px/effect_199_x440_y1140_32x32.png,move_effect_group/base_32px,Game Boy Advance - Pokemon FireRed _ LeafGreen - Battle Effects - Move Effects(2).png,effect_199,,440,1140,32,32
03_move_effects/frames_safe/base_32px/effect_199_frame_01_32x32.png,move_effect_frame/base_32px,Game Boy Advance - Pokemon FireRed _ LeafGreen - Battle Effects - Move Effects(2).png,effect_199,frame_01,440,1140,32,32
03_move_effects/groups/base_16px/effect_200_x407_y1142_32x16.png,move_effect_group/base_16px,Game Boy Advance - Pokemon FireRed _ LeafGreen - Battle Effects - Move Effects(2).png,effect_200,,407,1142,32,16
03_move_effects/frames_safe/base_16px/effect_200_frame_01_16x16.png,move_effect_frame/base_16px,Game Boy Advance - Pokemon FireRed _ LeafGreen - Battle Effects - Move Effects(2).png,effect_200,frame_01,407,1142,16,16
03_move_effects/frames_safe/base_16px/effect_200_frame_02_16x16.png,move_effect_frame/base_16px,Game Boy Advance - Pokemon FireRed _ LeafGreen - Battle Effects - Move Effects(2).png,effect_200,frame_02,423,1142,16,16
03_move_effects/groups/base_64px/effect_201_x291_y1155_64x128.png,move_effect_group/base_64px,Game Boy Advance - Pokemon FireRed _ LeafGreen - Battle Effects - Move Effects(2).png,effect_201,,291,1155,64,128
03_move_effects/frames_safe/base_64px/effect_201_frame_01_64x64.png,move_effect_frame/base_64px,Game Boy Advance - Pokemon FireRed _ LeafGreen - Battle Effects - Move Effects(2).png,effect_201,frame_01,291,1155,64,64
03_move_effects/frames_safe/base_64px/effect_201_frame_02_64x64.png,move_effect_frame/base_64px,Game Boy Advance - Pokemon FireRed _ LeafGreen - Battle Effects - Move Effects(2).png,effect_201,frame_02,291,1219,64,64
03_move_effects/groups/base_32px/effect_202_x374_y1158_32x224.png,move_effect_group/base_32px,Game Boy Advance - Pokemon FireRed _ LeafGreen - Battle Effects - Move Effects(2).png,effect_202,,374,1158,32,224
03_move_effects/frames_safe/base_32px/effect_202_frame_01_32x32.png,move_effect_frame/base_32px,Game Boy Advance - Pokemon FireRed _ LeafGreen - Battle Effects - Move Effects(2).png,effect_202,frame_01,374,1158,32,32
03_move_effects/frames_safe/base_32px/effect_202_frame_02_32x32.png,move_effect_frame/base_32px,Game Boy Advance - Pokemon FireRed _ LeafGreen - Battle Effects - Move Effects(2).png,effect_202,frame_02,374,1190,32,32
03_move_effects/frames_safe/base_32px/effect_202_frame_03_32x32.png,move_effect_frame/base_32px,Game Boy Advance - Pokemon FireRed _ LeafGreen - Battle Effects - Move Effects(2).png,effect_202,frame_03,374,1222,32,32
03_move_effects/frames_safe/base_32px/effect_202_frame_04_32x32.png,move_effect_frame/base_32px,Game Boy Advance - Pokemon FireRed _ LeafGreen - Battle Effects - Move Effects(2).png,effect_202,frame_04,374,1254,32,32
03_move_effects/frames_safe/base_32px/effect_202_frame_05_32x32.png,move_effect_frame/base_32px,Game Boy Advance - Pokemon FireRed _ LeafGreen - Battle Effects - Move Effects(2).png,effect_202,frame_05,374,1286,32,32
03_move_effects/frames_safe/base_32px/effect_202_frame_06_32x32.png,move_effect_frame/base_32px,Game Boy Advance - Pokemon FireRed _ LeafGreen - Battle Effects - Move Effects(2).png,effect_202,frame_06,374,1318,32,32
03_move_effects/frames_safe/base_32px/effect_202_frame_07_32x32.png,move_effect_frame/base_32px,Game Boy Advance - Pokemon FireRed _ LeafGreen - Battle Effects - Move Effects(2).png,effect_202,frame_07,374,1350,32,32
03_move_effects/groups/base_32px/effect_203_x407_y1159_32x160.png,move_effect_group/base_32px,Game Boy Advance - Pokemon FireRed _ LeafGreen - Battle Effects - Move Effects(2).png,effect_203,,407,1159,32,160
03_move_effects/frames_safe/base_32px/effect_203_frame_01_32x32.png,move_effect_frame/base_32px,Game Boy Advance - Pokemon FireRed _ LeafGreen - Battle Effects - Move Effects(2).png,effect_203,frame_01,407,1159,32,32
03_move_effects/frames_safe/base_32px/effect_203_frame_02_32x32.png,move_effect_frame/base_32px,Game Boy Advance - Pokemon FireRed _ LeafGreen - Battle Effects - Move Effects(2).png,effect_203,frame_02,407,1191,32,32
03_move_effects/frames_safe/base_32px/effect_203_frame_03_32x32.png,move_effect_frame/base_32px,Game Boy Advance - Pokemon FireRed _ LeafGreen - Battle Effects - Move Effects(2).png,effect_203,frame_03,407,1223,32,32
03_move_effects/frames_safe/base_32px/effect_203_frame_04_32x32.png,move_effect_frame/base_32px,Game Boy Advance - Pokemon FireRed _ LeafGreen - Battle Effects - Move Effects(2).png,effect_203,frame_04,407,1255,32,32
03_move_effects/frames_safe/base_32px/effect_203_frame_05_32x32.png,move_effect_frame/base_32px,Game Boy Advance - Pokemon FireRed _ LeafGreen - Battle Effects - Move Effects(2).png,effect_203,frame_05,407,1287,32,32
03_move_effects/groups/base_32px/effect_204_x1_y1164_96x32.png,move_effect_group/base_32px,Game Boy Advance - Pokemon FireRed _ LeafGreen - Battle Effects - Move Effects(2).png,effect_204,,1,1164,96,32
03_move_effects/frames_safe/base_32px/effect_204_frame_01_32x32.png,move_effect_frame/base_32px,Game Boy Advance - Pokemon FireRed _ LeafGreen - Battle Effects - Move Effects(2).png,effect_204,frame_01,1,1164,32,32
03_move_effects/frames_safe/base_32px/effect_204_frame_02_32x32.png,move_effect_frame/base_32px,Game Boy Advance - Pokemon FireRed _ LeafGreen - Battle Effects - Move Effects(2).png,effect_204,frame_02,33,1164,32,32
03_move_effects/frames_safe/base_32px/effect_204_frame_03_32x32.png,move_effect_frame/base_32px,Game Boy Advance - Pokemon FireRed _ LeafGreen - Battle Effects - Move Effects(2).png,effect_204,frame_03,65,1164,32,32
03_move_effects/groups/base_32px/effect_205_x200_y1164_32x160.png,move_effect_group/base_32px,Game Boy Advance - Pokemon FireRed _ LeafGreen - Battle Effects - Move Effects(2).png,effect_205,,200,1164,32,160
03_move_effects/frames_safe/base_32px/effect_205_frame_01_32x32.png,move_effect_frame/base_32px,Game Boy Advance - Pokemon FireRed _ LeafGreen - Battle Effects - Move Effects(2).png,effect_205,frame_01,200,1164,32,32
03_move_effects/frames_safe/base_32px/effect_205_frame_02_32x32.png,move_effect_frame/base_32px,Game Boy Advance - Pokemon FireRed _ LeafGreen - Battle Effects - Move Effects(2).png,effect_205,frame_02,200,1196,32,32
03_move_effects/frames_safe/base_32px/effect_205_frame_03_32x32.png,move_effect_frame/base_32px,Game Boy Advance - Pokemon FireRed _ LeafGreen - Battle Effects - Move Effects(2).png,effect_205,frame_03,200,1228,32,32
03_move_effects/frames_safe/base_32px/effect_205_frame_04_32x32.png,move_effect_frame/base_32px,Game Boy Advance - Pokemon FireRed _ LeafGreen - Battle Effects - Move Effects(2).png,effect_205,frame_04,200,1260,32,32
03_move_effects/frames_safe/base_32px/effect_205_frame_05_32x32.png,move_effect_frame/base_32px,Game Boy Advance - Pokemon FireRed _ LeafGreen - Battle Effects - Move Effects(2).png,effect_205,frame_05,200,1292,32,32
03_move_effects/groups/base_32px/effect_206_x241_y1164_32x160.png,move_effect_group/base_32px,Game Boy Advance - Pokemon FireRed _ LeafGreen - Battle Effects - Move Effects(2).png,effect_206,,241,1164,32,160
03_move_effects/frames_safe/base_32px/effect_206_frame_01_32x32.png,move_effect_frame/base_32px,Game Boy Advance - Pokemon FireRed _ LeafGreen - Battle Effects - Move Effects(2).png,effect_206,frame_01,241,1164,32,32
03_move_effects/frames_safe/base_32px/effect_206_frame_02_32x32.png,move_effect_frame/base_32px,Game Boy Advance - Pokemon FireRed _ LeafGreen - Battle Effects - Move Effects(2).png,effect_206,frame_02,241,1196,32,32
03_move_effects/frames_safe/base_32px/effect_206_frame_03_32x32.png,move_effect_frame/base_32px,Game Boy Advance - Pokemon FireRed _ LeafGreen - Battle Effects - Move Effects(2).png,effect_206,frame_03,241,1228,32,32
03_move_effects/frames_safe/base_32px/effect_206_frame_04_32x32.png,move_effect_frame/base_32px,Game Boy Advance - Pokemon FireRed _ LeafGreen - Battle Effects - Move Effects(2).png,effect_206,frame_04,241,1260,32,32
03_move_effects/frames_safe/base_32px/effect_206_frame_05_32x32.png,move_effect_frame/base_32px,Game Boy Advance - Pokemon FireRed _ LeafGreen - Battle Effects - Move Effects(2).png,effect_206,frame_05,241,1292,32,32
03_move_effects/groups/base_32px/effect_207_x440_y1173_32x160.png,move_effect_group/base_32px,Game Boy Advance - Pokemon FireRed _ LeafGreen - Battle Effects - Move Effects(2).png,effect_207,,440,1173,32,160
03_move_effects/frames_safe/base_32px/effect_207_frame_01_32x32.png,move_effect_frame/base_32px,Game Boy Advance - Pokemon FireRed _ LeafGreen - Battle Effects - Move Effects(2).png,effect_207,frame_01,440,1173,32,32
03_move_effects/frames_safe/base_32px/effect_207_frame_02_32x32.png,move_effect_frame/base_32px,Game Boy Advance - Pokemon FireRed _ LeafGreen - Battle Effects - Move Effects(2).png,effect_207,frame_02,440,1205,32,32
03_move_effects/frames_safe/base_32px/effect_207_frame_03_32x32.png,move_effect_frame/base_32px,Game Boy Advance - Pokemon FireRed _ LeafGreen - Battle Effects - Move Effects(2).png,effect_207,frame_03,440,1237,32,32
03_move_effects/frames_safe/base_32px/effect_207_frame_04_32x32.png,move_effect_frame/base_32px,Game Boy Advance - Pokemon FireRed _ LeafGreen - Battle Effects - Move Effects(2).png,effect_207,frame_04,440,1269,32,32
03_move_effects/frames_safe/base_32px/effect_207_frame_05_32x32.png,move_effect_frame/base_32px,Game Boy Advance - Pokemon FireRed _ LeafGreen - Battle Effects - Move Effects(2).png,effect_207,frame_05,440,1301,32,32
03_move_effects/groups/base_64px/effect_208_x1_y1197_128x64.png,move_effect_group/base_64px,Game Boy Advance - Pokemon FireRed _ LeafGreen - Battle Effects - Move Effects(2).png,effect_208,,1,1197,128,64
03_move_effects/frames_safe/base_64px/effect_208_frame_01_64x64.png,move_effect_frame/base_64px,Game Boy Advance - Pokemon FireRed _ LeafGreen - Battle Effects - Move Effects(2).png,effect_208,frame_01,1,1197,64,64
03_move_effects/frames_safe/base_64px/effect_208_frame_02_64x64.png,move_effect_frame/base_64px,Game Boy Advance - Pokemon FireRed _ LeafGreen - Battle Effects - Move Effects(2).png,effect_208,frame_02,65,1197,64,64
03_move_effects/groups/base_64px/effect_209_x1_y1262_128x64.png,move_effect_group/base_64px,Game Boy Advance - Pokemon FireRed _ LeafGreen - Battle Effects - Move Effects(2).png,effect_209,,1,1262,128,64
03_move_effects/frames_safe/base_64px/effect_209_frame_01_64x64.png,move_effect_frame/base_64px,Game Boy Advance - Pokemon FireRed _ LeafGreen - Battle Effects - Move Effects(2).png,effect_209,frame_01,1,1262,64,64
03_move_effects/frames_safe/base_64px/effect_209_frame_02_64x64.png,move_effect_frame/base_64px,Game Boy Advance - Pokemon FireRed _ LeafGreen - Battle Effects - Move Effects(2).png,effect_209,frame_02,65,1262,64,64
03_move_effects/groups/base_32px/effect_210_x150_y1284_32x256.png,move_effect_group/base_32px,Game Boy Advance - Pokemon FireRed _ LeafGreen - Battle Effects - Move Effects(2).png,effect_210,,150,1284,32,256
03_move_effects/frames_safe/base_32px/effect_210_frame_01_32x32.png,move_effect_frame/base_32px,Game Boy Advance - Pokemon FireRed _ LeafGreen - Battle Effects - Move Effects(2).png,effect_210,frame_01,150,1284,32,32
03_move_effects/frames_safe/base_32px/effect_210_frame_02_32x32.png,move_effect_frame/base_32px,Game Boy Advance - Pokemon FireRed _ LeafGreen - Battle Effects - Move Effects(2).png,effect_210,frame_02,150,1316,32,32
03_move_effects/frames_safe/base_32px/effect_210_frame_03_32x32.png,move_effect_frame/base_32px,Game Boy Advance - Pokemon FireRed _ LeafGreen - Battle Effects - Move Effects(2).png,effect_210,frame_03,150,1348,32,32
03_move_effects/frames_safe/base_32px/effect_210_frame_04_32x32.png,move_effect_frame/base_32px,Game Boy Advance - Pokemon FireRed _ LeafGreen - Battle Effects - Move Effects(2).png,effect_210,frame_04,150,1380,32,32
03_move_effects/frames_safe/base_32px/effect_210_frame_05_32x32.png,move_effect_frame/base_32px,Game Boy Advance - Pokemon FireRed _ LeafGreen - Battle Effects - Move Effects(2).png,effect_210,frame_05,150,1412,32,32
03_move_effects/frames_safe/base_32px/effect_210_frame_06_32x32.png,move_effect_frame/base_32px,Game Boy Advance - Pokemon FireRed _ LeafGreen - Battle Effects - Move Effects(2).png,effect_210,frame_06,150,1444,32,32
03_move_effects/frames_safe/base_32px/effect_210_frame_07_32x32.png,move_effect_frame/base_32px,Game Boy Advance - Pokemon FireRed _ LeafGreen - Battle Effects - Move Effects(2).png,effect_210,frame_07,150,1476,32,32
03_move_effects/frames_safe/base_32px/effect_210_frame_08_32x32.png,move_effect_frame/base_32px,Game Boy Advance - Pokemon FireRed _ LeafGreen - Battle Effects - Move Effects(2).png,effect_210,frame_08,150,1508,32,32
03_move_effects/groups/base_32px/effect_211_x291_y1284_64x32.png,move_effect_group/base_32px,Game Boy Advance - Pokemon FireRed _ LeafGreen - Battle Effects - Move Effects(2).png,effect_211,,291,1284,64,32
03_move_effects/frames_safe/base_32px/effect_211_frame_01_32x32.png,move_effect_frame/base_32px,Game Boy Advance - Pokemon FireRed _ LeafGreen - Battle Effects - Move Effects(2).png,effect_211,frame_01,291,1284,32,32
03_move_effects/frames_safe/base_32px/effect_211_frame_02_32x32.png,move_effect_frame/base_32px,Game Boy Advance - Pokemon FireRed _ LeafGreen - Battle Effects - Move Effects(2).png,effect_211,frame_02,323,1284,32,32
03_move_effects/groups/base_64px/effect_212_x291_y1317_64x64.png,move_effect_group/base_64px,Game Boy Advance - Pokemon FireRed _ LeafGreen - Battle Effects - Move Effects(2).png,effect_212,,291,1317,64,64
03_move_effects/frames_safe/base_64px/effect_212_frame_01_64x64.png,move_effect_frame/base_64px,Game Boy Advance - Pokemon FireRed _ LeafGreen - Battle Effects - Move Effects(2).png,effect_212,frame_01,291,1317,64,64
03_move_effects/groups/base_32px/effect_213_x407_y1320_32x128.png,move_effect_group/base_32px,Game Boy Advance - Pokemon FireRed _ LeafGreen - Battle Effects - Move Effects(2).png,effect_213,,407,1320,32,128
03_move_effects/frames_safe/base_32px/effect_213_frame_01_32x32.png,move_effect_frame/base_32px,Game Boy Advance - Pokemon FireRed _ LeafGreen - Battle Effects - Move Effects(2).png,effect_213,frame_01,407,1320,32,32
03_move_effects/frames_safe/base_32px/effect_213_frame_02_32x32.png,move_effect_frame/base_32px,Game Boy Advance - Pokemon FireRed _ LeafGreen - Battle Effects - Move Effects(2).png,effect_213,frame_02,407,1352,32,32
03_move_effects/frames_safe/base_32px/effect_213_frame_03_32x32.png,move_effect_frame/base_32px,Game Boy Advance - Pokemon FireRed _ LeafGreen - Battle Effects - Move Effects(2).png,effect_213,frame_03,407,1384,32,32
03_move_effects/frames_safe/base_32px/effect_213_frame_04_32x32.png,move_effect_frame/base_32px,Game Boy Advance - Pokemon FireRed _ LeafGreen - Battle Effects - Move Effects(2).png,effect_213,frame_04,407,1416,32,32
03_move_effects/groups/base_32px/effect_214_x200_y1325_32x160.png,move_effect_group/base_32px,Game Boy Advance - Pokemon FireRed _ LeafGreen - Battle Effects - Move Effects(2).png,effect_214,,200,1325,32,160
03_move_effects/frames_safe/base_32px/effect_214_frame_01_32x32.png,move_effect_frame/base_32px,Game Boy Advance - Pokemon FireRed _ LeafGreen - Battle Effects - Move Effects(2).png,effect_214,frame_01,200,1325,32,32
03_move_effects/frames_safe/base_32px/effect_214_frame_02_32x32.png,move_effect_frame/base_32px,Game Boy Advance - Pokemon FireRed _ LeafGreen - Battle Effects - Move Effects(2).png,effect_214,frame_02,200,1357,32,32
03_move_effects/frames_safe/base_32px/effect_214_frame_03_32x32.png,move_effect_frame/base_32px,Game Boy Advance - Pokemon FireRed _ LeafGreen - Battle Effects - Move Effects(2).png,effect_214,frame_03,200,1389,32,32
03_move_effects/frames_safe/base_32px/effect_214_frame_04_32x32.png,move_effect_frame/base_32px,Game Boy Advance - Pokemon FireRed _ LeafGreen - Battle Effects - Move Effects(2).png,effect_214,frame_04,200,1421,32,32
03_move_effects/frames_safe/base_32px/effect_214_frame_05_32x32.png,move_effect_frame/base_32px,Game Boy Advance - Pokemon FireRed _ LeafGreen - Battle Effects - Move Effects(2).png,effect_214,frame_05,200,1453,32,32
03_move_effects/groups/base_32px/effect_215_x241_y1325_32x128.png,move_effect_group/base_32px,Game Boy Advance - Pokemon FireRed _ LeafGreen - Battle Effects - Move Effects(2).png,effect_215,,241,1325,32,128
03_move_effects/frames_safe/base_32px/effect_215_frame_01_32x32.png,move_effect_frame/base_32px,Game Boy Advance - Pokemon FireRed _ LeafGreen - Battle Effects - Move Effects(2).png,effect_215,frame_01,241,1325,32,32
03_move_effects/frames_safe/base_32px/effect_215_frame_02_32x32.png,move_effect_frame/base_32px,Game Boy Advance - Pokemon FireRed _ LeafGreen - Battle Effects - Move Effects(2).png,effect_215,frame_02,241,1357,32,32
03_move_effects/frames_safe/base_32px/effect_215_frame_03_32x32.png,move_effect_frame/base_32px,Game Boy Advance - Pokemon FireRed _ LeafGreen - Battle Effects - Move Effects(2).png,effect_215,frame_03,241,1389,32,32
03_move_effects/frames_safe/base_32px/effect_215_frame_04_32x32.png,move_effect_frame/base_32px,Game Boy Advance - Pokemon FireRed _ LeafGreen - Battle Effects - Move Effects(2).png,effect_215,frame_04,241,1421,32,32
03_move_effects/groups/compound_96px_plus/effect_216_x1_y1327_128x128.png,move_effect_group/compound_96px_plus,Game Boy Advance - Pokemon FireRed _ LeafGreen - Battle Effects - Move Effects(2).png,effect_216,,1,1327,128,128
03_move_effects/frames_safe/compound_96px_plus/effect_216_frame_01_128x128.png,move_effect_frame/compound_96px_plus,Game Boy Advance - Pokemon FireRed _ LeafGreen - Battle Effects - Move Effects(2).png,effect_216,frame_01,1,1327,128,128
03_move_effects/groups/base_32px/effect_217_x440_y1334_32x160.png,move_effect_group/base_32px,Game Boy Advance - Pokemon FireRed _ LeafGreen - Battle Effects - Move Effects(2).png,effect_217,,440,1334,32,160
03_move_effects/frames_safe/base_32px/effect_217_frame_01_32x32.png,move_effect_frame/base_32px,Game Boy Advance - Pokemon FireRed _ LeafGreen - Battle Effects - Move Effects(2).png,effect_217,frame_01,440,1334,32,32
03_move_effects/frames_safe/base_32px/effect_217_frame_02_32x32.png,move_effect_frame/base_32px,Game Boy Advance - Pokemon FireRed _ LeafGreen - Battle Effects - Move Effects(2).png,effect_217,frame_02,440,1366,32,32
03_move_effects/frames_safe/base_32px/effect_217_frame_03_32x32.png,move_effect_frame/base_32px,Game Boy Advance - Pokemon FireRed _ LeafGreen - Battle Effects - Move Effects(2).png,effect_217,frame_03,440,1398,32,32
03_move_effects/frames_safe/base_32px/effect_217_frame_04_32x32.png,move_effect_frame/base_32px,Game Boy Advance - Pokemon FireRed _ LeafGreen - Battle Effects - Move Effects(2).png,effect_217,frame_04,440,1430,32,32
03_move_effects/frames_safe/base_32px/effect_217_frame_05_32x32.png,move_effect_frame/base_32px,Game Boy Advance - Pokemon FireRed _ LeafGreen - Battle Effects - Move Effects(2).png,effect_217,frame_05,440,1462,32,32
03_move_effects/groups/base_64px/effect_218_x291_y1382_64x64.png,move_effect_group/base_64px,Game Boy Advance - Pokemon FireRed _ LeafGreen - Battle Effects - Move Effects(2).png,effect_218,,291,1382,64,64
03_move_effects/frames_safe/base_64px/effect_218_frame_01_64x64.png,move_effect_frame/base_64px,Game Boy Advance - Pokemon FireRed _ LeafGreen - Battle Effects - Move Effects(2).png,effect_218,frame_01,291,1382,64,64
03_move_effects/groups/base_32px/effect_219_x374_y1383_32x160.png,move_effect_group/base_32px,Game Boy Advance - Pokemon FireRed _ LeafGreen - Battle Effects - Move Effects(2).png,effect_219,,374,1383,32,160
03_move_effects/frames_safe/base_32px/effect_219_frame_01_32x32.png,move_effect_frame/base_32px,Game Boy Advance - Pokemon FireRed _ LeafGreen - Battle Effects - Move Effects(2).png,effect_219,frame_01,374,1383,32,32
03_move_effects/frames_safe/base_32px/effect_219_frame_02_32x32.png,move_effect_frame/base_32px,Game Boy Advance - Pokemon FireRed _ LeafGreen - Battle Effects - Move Effects(2).png,effect_219,frame_02,374,1415,32,32
03_move_effects/frames_safe/base_32px/effect_219_frame_03_32x32.png,move_effect_frame/base_32px,Game Boy Advance - Pokemon FireRed _ LeafGreen - Battle Effects - Move Effects(2).png,effect_219,frame_03,374,1447,32,32
03_move_effects/frames_safe/base_32px/effect_219_frame_04_32x32.png,move_effect_frame/base_32px,Game Boy Advance - Pokemon FireRed _ LeafGreen - Battle Effects - Move Effects(2).png,effect_219,frame_04,374,1479,32,32
03_move_effects/frames_safe/base_32px/effect_219_frame_05_32x32.png,move_effect_frame/base_32px,Game Boy Advance - Pokemon FireRed _ LeafGreen - Battle Effects - Move Effects(2).png,effect_219,frame_05,374,1511,32,32
03_move_effects/groups/base_64px/effect_220_x291_y1447_64x64.png,move_effect_group/base_64px,Game Boy Advance - Pokemon FireRed _ LeafGreen - Battle Effects - Move Effects(2).png,effect_220,,291,1447,64,64
03_move_effects/frames_safe/base_64px/effect_220_frame_01_64x64.png,move_effect_frame/base_64px,Game Boy Advance - Pokemon FireRed _ LeafGreen - Battle Effects - Move Effects(2).png,effect_220,frame_01,291,1447,64,64
03_move_effects/groups/base_32px/effect_221_x407_y1449_32x160.png,move_effect_group/base_32px,Game Boy Advance - Pokemon FireRed _ LeafGreen - Battle Effects - Move Effects(2).png,effect_221,,407,1449,32,160
03_move_effects/frames_safe/base_32px/effect_221_frame_01_32x32.png,move_effect_frame/base_32px,Game Boy Advance - Pokemon FireRed _ LeafGreen - Battle Effects - Move Effects(2).png,effect_221,frame_01,407,1449,32,32
03_move_effects/frames_safe/base_32px/effect_221_frame_02_32x32.png,move_effect_frame/base_32px,Game Boy Advance - Pokemon FireRed _ LeafGreen - Battle Effects - Move Effects(2).png,effect_221,frame_02,407,1481,32,32
03_move_effects/frames_safe/base_32px/effect_221_frame_03_32x32.png,move_effect_frame/base_32px,Game Boy Advance - Pokemon FireRed _ LeafGreen - Battle Effects - Move Effects(2).png,effect_221,frame_03,407,1513,32,32
03_move_effects/frames_safe/base_32px/effect_221_frame_04_32x32.png,move_effect_frame/base_32px,Game Boy Advance - Pokemon FireRed _ LeafGreen - Battle Effects - Move Effects(2).png,effect_221,frame_04,407,1545,32,32
03_move_effects/frames_safe/base_32px/effect_221_frame_05_32x32.png,move_effect_frame/base_32px,Game Boy Advance - Pokemon FireRed _ LeafGreen - Battle Effects - Move Effects(2).png,effect_221,frame_05,407,1577,32,32
03_move_effects/groups/base_32px/effect_222_x241_y1454_32x160.png,move_effect_group/base_32px,Game Boy Advance - Pokemon FireRed _ LeafGreen - Battle Effects - Move Effects(2).png,effect_222,,241,1454,32,160
03_move_effects/frames_safe/base_32px/effect_222_frame_01_32x32.png,move_effect_frame/base_32px,Game Boy Advance - Pokemon FireRed _ LeafGreen - Battle Effects - Move Effects(2).png,effect_222,frame_01,241,1454,32,32
03_move_effects/frames_safe/base_32px/effect_222_frame_02_32x32.png,move_effect_frame/base_32px,Game Boy Advance - Pokemon FireRed _ LeafGreen - Battle Effects - Move Effects(2).png,effect_222,frame_02,241,1486,32,32
03_move_effects/frames_safe/base_32px/effect_222_frame_03_32x32.png,move_effect_frame/base_32px,Game Boy Advance - Pokemon FireRed _ LeafGreen - Battle Effects - Move Effects(2).png,effect_222,frame_03,241,1518,32,32
03_move_effects/frames_safe/base_32px/effect_222_frame_04_32x32.png,move_effect_frame/base_32px,Game Boy Advance - Pokemon FireRed _ LeafGreen - Battle Effects - Move Effects(2).png,effect_222,frame_04,241,1550,32,32
03_move_effects/frames_safe/base_32px/effect_222_frame_05_32x32.png,move_effect_frame/base_32px,Game Boy Advance - Pokemon FireRed _ LeafGreen - Battle Effects - Move Effects(2).png,effect_222,frame_05,241,1582,32,32
03_move_effects/groups/compound_96px_plus/effect_223_x1_y1456_128x80.png,move_effect_group/compound_96px_plus,Game Boy Advance - Pokemon FireRed _ LeafGreen - Battle Effects - Move Effects(2).png,effect_223,,1,1456,128,80
03_move_effects/frames_safe/compound_96px_plus/effect_223_frame_01_128x80.png,move_effect_frame/compound_96px_plus,Game Boy Advance - Pokemon FireRed _ LeafGreen - Battle Effects - Move Effects(2).png,effect_223,frame_01,1,1456,128,80
03_move_effects/groups/base_32px/effect_224_x200_y1486_32x160.png,move_effect_group/base_32px,Game Boy Advance - Pokemon FireRed _ LeafGreen - Battle Effects - Move Effects(2).png,effect_224,,200,1486,32,160
03_move_effects/frames_safe/base_32px/effect_224_frame_01_32x32.png,move_effect_frame/base_32px,Game Boy Advance - Pokemon FireRed _ LeafGreen - Battle Effects - Move Effects(2).png,effect_224,frame_01,200,1486,32,32
03_move_effects/frames_safe/base_32px/effect_224_frame_02_32x32.png,move_effect_frame/base_32px,Game Boy Advance - Pokemon FireRed _ LeafGreen - Battle Effects - Move Effects(2).png,effect_224,frame_02,200,1518,32,32
03_move_effects/frames_safe/base_32px/effect_224_frame_03_32x32.png,move_effect_frame/base_32px,Game Boy Advance - Pokemon FireRed _ LeafGreen - Battle Effects - Move Effects(2).png,effect_224,frame_03,200,1550,32,32
03_move_effects/frames_safe/base_32px/effect_224_frame_04_32x32.png,move_effect_frame/base_32px,Game Boy Advance - Pokemon FireRed _ LeafGreen - Battle Effects - Move Effects(2).png,effect_224,frame_04,200,1582,32,32
03_move_effects/frames_safe/base_32px/effect_224_frame_05_32x32.png,move_effect_frame/base_32px,Game Boy Advance - Pokemon FireRed _ LeafGreen - Battle Effects - Move Effects(2).png,effect_224,frame_05,200,1614,32,32
03_move_effects/groups/base_32px/effect_225_x440_y1495_32x160.png,move_effect_group/base_32px,Game Boy Advance - Pokemon FireRed _ LeafGreen - Battle Effects - Move Effects(2).png,effect_225,,440,1495,32,160
03_move_effects/frames_safe/base_32px/effect_225_frame_01_32x32.png,move_effect_frame/base_32px,Game Boy Advance - Pokemon FireRed _ LeafGreen - Battle Effects - Move Effects(2).png,effect_225,frame_01,440,1495,32,32
03_move_effects/frames_safe/base_32px/effect_225_frame_02_32x32.png,move_effect_frame/base_32px,Game Boy Advance - Pokemon FireRed _ LeafGreen - Battle Effects - Move Effects(2).png,effect_225,frame_02,440,1527,32,32
03_move_effects/frames_safe/base_32px/effect_225_frame_03_32x32.png,move_effect_frame/base_32px,Game Boy Advance - Pokemon FireRed _ LeafGreen - Battle Effects - Move Effects(2).png,effect_225,frame_03,440,1559,32,32
03_move_effects/frames_safe/base_32px/effect_225_frame_04_32x32.png,move_effect_frame/base_32px,Game Boy Advance - Pokemon FireRed _ LeafGreen - Battle Effects - Move Effects(2).png,effect_225,frame_04,440,1591,32,32
03_move_effects/frames_safe/base_32px/effect_225_frame_05_32x32.png,move_effect_frame/base_32px,Game Boy Advance - Pokemon FireRed _ LeafGreen - Battle Effects - Move Effects(2).png,effect_225,frame_05,440,1623,32,32
03_move_effects/groups/base_64px/effect_226_x291_y1512_64x64.png,move_effect_group/base_64px,Game Boy Advance - Pokemon FireRed _ LeafGreen - Battle Effects - Move Effects(2).png,effect_226,,291,1512,64,64
03_move_effects/frames_safe/base_64px/effect_226_frame_01_64x64.png,move_effect_frame/base_64px,Game Boy Advance - Pokemon FireRed _ LeafGreen - Battle Effects - Move Effects(2).png,effect_226,frame_01,291,1512,64,64
03_move_effects/groups/base_64px/effect_227_x1_y1537_128x64.png,move_effect_group/base_64px,Game Boy Advance - Pokemon FireRed _ LeafGreen - Battle Effects - Move Effects(2).png,effect_227,,1,1537,128,64
03_move_effects/frames_safe/base_64px/effect_227_frame_01_64x64.png,move_effect_frame/base_64px,Game Boy Advance - Pokemon FireRed _ LeafGreen - Battle Effects - Move Effects(2).png,effect_227,frame_01,1,1537,64,64
03_move_effects/frames_safe/base_64px/effect_227_frame_02_64x64.png,move_effect_frame/base_64px,Game Boy Advance - Pokemon FireRed _ LeafGreen - Battle Effects - Move Effects(2).png,effect_227,frame_02,65,1537,64,64
03_move_effects/groups/base_32px/effect_228_x150_y1541_32x160.png,move_effect_group/base_32px,Game Boy Advance - Pokemon FireRed _ LeafGreen - Battle Effects - Move Effects(2).png,effect_228,,150,1541,32,160
03_move_effects/frames_safe/base_32px/effect_228_frame_01_32x32.png,move_effect_frame/base_32px,Game Boy Advance - Pokemon FireRed _ LeafGreen - Battle Effects - Move Effects(2).png,effect_228,frame_01,150,1541,32,32
03_move_effects/frames_safe/base_32px/effect_228_frame_02_32x32.png,move_effect_frame/base_32px,Game Boy Advance - Pokemon FireRed _ LeafGreen - Battle Effects - Move Effects(2).png,effect_228,frame_02,150,1573,32,32
03_move_effects/frames_safe/base_32px/effect_228_frame_03_32x32.png,move_effect_frame/base_32px,Game Boy Advance - Pokemon FireRed _ LeafGreen - Battle Effects - Move Effects(2).png,effect_228,frame_03,150,1605,32,32
03_move_effects/frames_safe/base_32px/effect_228_frame_04_32x32.png,move_effect_frame/base_32px,Game Boy Advance - Pokemon FireRed _ LeafGreen - Battle Effects - Move Effects(2).png,effect_228,frame_04,150,1637,32,32
03_move_effects/frames_safe/base_32px/effect_228_frame_05_32x32.png,move_effect_frame/base_32px,Game Boy Advance - Pokemon FireRed _ LeafGreen - Battle Effects - Move Effects(2).png,effect_228,frame_05,150,1669,32,32
03_move_effects/groups/base_32px/effect_229_x374_y1544_32x160.png,move_effect_group/base_32px,Game Boy Advance - Pokemon FireRed _ LeafGreen - Battle Effects - Move Effects(2).png,effect_229,,374,1544,32,160
03_move_effects/frames_safe/base_32px/effect_229_frame_01_32x32.png,move_effect_frame/base_32px,Game Boy Advance - Pokemon FireRed _ LeafGreen - Battle Effects - Move Effects(2).png,effect_229,frame_01,374,1544,32,32
03_move_effects/frames_safe/base_32px/effect_229_frame_02_32x32.png,move_effect_frame/base_32px,Game Boy Advance - Pokemon FireRed _ LeafGreen - Battle Effects - Move Effects(2).png,effect_229,frame_02,374,1576,32,32
03_move_effects/frames_safe/base_32px/effect_229_frame_03_32x32.png,move_effect_frame/base_32px,Game Boy Advance - Pokemon FireRed _ LeafGreen - Battle Effects - Move Effects(2).png,effect_229,frame_03,374,1608,32,32
03_move_effects/frames_safe/base_32px/effect_229_frame_04_32x32.png,move_effect_frame/base_32px,Game Boy Advance - Pokemon FireRed _ LeafGreen - Battle Effects - Move Effects(2).png,effect_229,frame_04,374,1640,32,32
03_move_effects/frames_safe/base_32px/effect_229_frame_05_32x32.png,move_effect_frame/base_32px,Game Boy Advance - Pokemon FireRed _ LeafGreen - Battle Effects - Move Effects(2).png,effect_229,frame_05,374,1672,32,32
03_move_effects/groups/base_64px/effect_230_x291_y1577_64x64.png,move_effect_group/base_64px,Game Boy Advance - Pokemon FireRed _ LeafGreen - Battle Effects - Move Effects(2).png,effect_230,,291,1577,64,64
03_move_effects/frames_safe/base_64px/effect_230_frame_01_64x64.png,move_effect_frame/base_64px,Game Boy Advance - Pokemon FireRed _ LeafGreen - Battle Effects - Move Effects(2).png,effect_230,frame_01,291,1577,64,64
03_move_effects/groups/base_64px/effect_231_x1_y1602_64x64.png,move_effect_group/base_64px,Game Boy Advance - Pokemon FireRed _ LeafGreen - Battle Effects - Move Effects(2).png,effect_231,,1,1602,64,64
03_move_effects/frames_safe/base_64px/effect_231_frame_01_64x64.png,move_effect_frame/base_64px,Game Boy Advance - Pokemon FireRed _ LeafGreen - Battle Effects - Move Effects(2).png,effect_231,frame_01,1,1602,64,64
03_move_effects/groups/base_64px/effect_232_x66_y1602_64x64.png,move_effect_group/base_64px,Game Boy Advance - Pokemon FireRed _ LeafGreen - Battle Effects - Move Effects(2).png,effect_232,,66,1602,64,64
03_move_effects/frames_safe/base_64px/effect_232_frame_01_64x64.png,move_effect_frame/base_64px,Game Boy Advance - Pokemon FireRed _ LeafGreen - Battle Effects - Move Effects(2).png,effect_232,frame_01,66,1602,64,64
03_move_effects/groups/base_32px/effect_233_x407_y1610_32x256.png,move_effect_group/base_32px,Game Boy Advance - Pokemon FireRed _ LeafGreen - Battle Effects - Move Effects(2).png,effect_233,,407,1610,32,256
03_move_effects/frames_safe/base_32px/effect_233_frame_01_32x32.png,move_effect_frame/base_32px,Game Boy Advance - Pokemon FireRed _ LeafGreen - Battle Effects - Move Effects(2).png,effect_233,frame_01,407,1610,32,32
03_move_effects/frames_safe/base_32px/effect_233_frame_02_32x32.png,move_effect_frame/base_32px,Game Boy Advance - Pokemon FireRed _ LeafGreen - Battle Effects - Move Effects(2).png,effect_233,frame_02,407,1642,32,32
03_move_effects/frames_safe/base_32px/effect_233_frame_03_32x32.png,move_effect_frame/base_32px,Game Boy Advance - Pokemon FireRed _ LeafGreen - Battle Effects - Move Effects(2).png,effect_233,frame_03,407,1674,32,32
03_move_effects/frames_safe/base_32px/effect_233_frame_04_32x32.png,move_effect_frame/base_32px,Game Boy Advance - Pokemon FireRed _ LeafGreen - Battle Effects - Move Effects(2).png,effect_233,frame_04,407,1706,32,32
03_move_effects/frames_safe/base_32px/effect_233_frame_05_32x32.png,move_effect_frame/base_32px,Game Boy Advance - Pokemon FireRed _ LeafGreen - Battle Effects - Move Effects(2).png,effect_233,frame_05,407,1738,32,32
03_move_effects/frames_safe/base_32px/effect_233_frame_06_32x32.png,move_effect_frame/base_32px,Game Boy Advance - Pokemon FireRed _ LeafGreen - Battle Effects - Move Effects(2).png,effect_233,frame_06,407,1770,32,32
03_move_effects/frames_safe/base_32px/effect_233_frame_07_32x32.png,move_effect_frame/base_32px,Game Boy Advance - Pokemon FireRed _ LeafGreen - Battle Effects - Move Effects(2).png,effect_233,frame_07,407,1802,32,32
03_move_effects/frames_safe/base_32px/effect_233_frame_08_32x32.png,move_effect_frame/base_32px,Game Boy Advance - Pokemon FireRed _ LeafGreen - Battle Effects - Move Effects(2).png,effect_233,frame_08,407,1834,32,32
03_move_effects/groups/base_64px/effect_234_x291_y1642_64x64.png,move_effect_group/base_64px,Game Boy Advance - Pokemon FireRed _ LeafGreen - Battle Effects - Move Effects(2).png,effect_234,,291,1642,64,64
03_move_effects/frames_safe/base_64px/effect_234_frame_01_64x64.png,move_effect_frame/base_64px,Game Boy Advance - Pokemon FireRed _ LeafGreen - Battle Effects - Move Effects(2).png,effect_234,frame_01,291,1642,64,64
03_move_effects/groups/base_64px/effect_235_x1_y1667_64x64.png,move_effect_group/base_64px,Game Boy Advance - Pokemon FireRed _ LeafGreen - Battle Effects - Move Effects(2).png,effect_235,,1,1667,64,64
03_move_effects/frames_safe/base_64px/effect_235_frame_01_64x64.png,move_effect_frame/base_64px,Game Boy Advance - Pokemon FireRed _ LeafGreen - Battle Effects - Move Effects(2).png,effect_235,frame_01,1,1667,64,64
03_move_effects/groups/base_64px/effect_236_x66_y1667_64x64.png,move_effect_group/base_64px,Game Boy Advance - Pokemon FireRed _ LeafGreen - Battle Effects - Move Effects(2).png,effect_236,,66,1667,64,64
03_move_effects/frames_safe/base_64px/effect_236_frame_01_64x64.png,move_effect_frame/base_64px,Game Boy Advance - Pokemon FireRed _ LeafGreen - Battle Effects - Move Effects(2).png,effect_236,frame_01,66,1667,64,64
03_move_effects/groups/base_32px/effect_237_x291_y1707_64x32.png,move_effect_group/base_32px,Game Boy Advance - Pokemon FireRed _ LeafGreen - Battle Effects - Move Effects(2).png,effect_237,,291,1707,64,32
03_move_effects/frames_safe/base_32px/effect_237_frame_01_32x32.png,move_effect_frame/base_32px,Game Boy Advance - Pokemon FireRed _ LeafGreen - Battle Effects - Move Effects(2).png,effect_237,frame_01,291,1707,32,32
03_move_effects/frames_safe/base_32px/effect_237_frame_02_32x32.png,move_effect_frame/base_32px,Game Boy Advance - Pokemon FireRed _ LeafGreen - Battle Effects - Move Effects(2).png,effect_237,frame_02,323,1707,32,32
03_move_effects/groups/compound_96px_plus/effect_238_x1_y1732_128x128.png,move_effect_group/compound_96px_plus,Game Boy Advance - Pokemon FireRed _ LeafGreen - Battle Effects - Move Effects(2).png,effect_238,,1,1732,128,128
03_move_effects/frames_safe/compound_96px_plus/effect_238_frame_01_128x128.png,move_effect_frame/compound_96px_plus,Game Boy Advance - Pokemon FireRed _ LeafGreen - Battle Effects - Move Effects(2).png,effect_238,frame_01,1,1732,128,128
03_move_effects/groups/compound_96px_plus/effect_239_x130_y1732_128x128.png,move_effect_group/compound_96px_plus,Game Boy Advance - Pokemon FireRed _ LeafGreen - Battle Effects - Move Effects(2).png,effect_239,,130,1732,128,128
03_move_effects/frames_safe/compound_96px_plus/effect_239_frame_01_128x128.png,move_effect_frame/compound_96px_plus,Game Boy Advance - Pokemon FireRed _ LeafGreen - Battle Effects - Move Effects(2).png,effect_239,frame_01,130,1732,128,128
03_move_effects/groups/base_16px/effect_240_x291_y1740_64x16.png,move_effect_group/base_16px,Game Boy Advance - Pokemon FireRed _ LeafGreen - Battle Effects - Move Effects(2).png,effect_240,,291,1740,64,16
03_move_effects/frames_safe/base_16px/effect_240_frame_01_16x16.png,move_effect_frame/base_16px,Game Boy Advance - Pokemon FireRed _ LeafGreen - Battle Effects - Move Effects(2).png,effect_240,frame_01,291,1740,16,16
03_move_effects/frames_safe/base_16px/effect_240_frame_02_16x16.png,move_effect_frame/base_16px,Game Boy Advance - Pokemon FireRed _ LeafGreen - Battle Effects - Move Effects(2).png,effect_240,frame_02,307,1740,16,16
03_move_effects/frames_safe/base_16px/effect_240_frame_03_16x16.png,move_effect_frame/base_16px,Game Boy Advance - Pokemon FireRed _ LeafGreen - Battle Effects - Move Effects(2).png,effect_240,frame_03,323,1740,16,16
03_move_effects/frames_safe/base_16px/effect_240_frame_04_16x16.png,move_effect_frame/base_16px,Game Boy Advance - Pokemon FireRed _ LeafGreen - Battle Effects - Move Effects(2).png,effect_240,frame_04,339,1740,16,16
03_move_effects/groups/compound_96px_plus/effect_241_x291_y1757_96x96.png,move_effect_group/compound_96px_plus,Game Boy Advance - Pokemon FireRed _ LeafGreen - Battle Effects - Move Effects(2).png,effect_241,,291,1757,96,96
03_move_effects/frames_safe/compound_96px_plus/effect_241_frame_01_96x96.png,move_effect_frame/compound_96px_plus,Game Boy Advance - Pokemon FireRed _ LeafGreen - Battle Effects - Move Effects(2).png,effect_241,frame_01,291,1757,96,96
03_move_effects/groups/base_64px/effect_242_x1_y1861_64x64.png,move_effect_group/base_64px,Game Boy Advance - Pokemon FireRed _ LeafGreen - Battle Effects - Move Effects(2).png,effect_242,,1,1861,64,64
03_move_effects/frames_safe/base_64px/effect_242_frame_01_64x64.png,move_effect_frame/base_64px,Game Boy Advance - Pokemon FireRed _ LeafGreen - Battle Effects - Move Effects(2).png,effect_242,frame_01,1,1861,64,64
03_move_effects/groups/base_64px/effect_243_x66_y1861_64x64.png,move_effect_group/base_64px,Game Boy Advance - Pokemon FireRed _ LeafGreen - Battle Effects - Move Effects(2).png,effect_243,,66,1861,64,64
03_move_effects/frames_safe/base_64px/effect_243_frame_01_64x64.png,move_effect_frame/base_64px,Game Boy Advance - Pokemon FireRed _ LeafGreen - Battle Effects - Move Effects(2).png,effect_243,frame_01,66,1861,64,64
